Date,Visitor,G,Home,G2,Column1,Att.,LOG,Notes
10/1/2009,San Jose Sharks,2,Colorado Avalanche,5,,18007,,
10/2/2009,Philadelphia Flyers,2,Carolina Hurricanes,0,,18680,,
10/2/2009,New York Rangers,2,Pittsburgh Penguins,3,,17132,,
10/3/2009,Carolina Hurricanes,2,Boston Bruins,7,,16592,,
10/3/2009,Ottawa Senators,2,New York Rangers,5,,18200,,
10/6/2009,Ottawa Senators,2,Toronto Maple Leafs,1,,18830,,
10/8/2009,Chicago Blackhawks,2,Detroit Red Wings,3,,20066,,
10/8/2009,Colorado Avalanche,2,Nashville Predators,3,,14797,,
10/9/2009,Florida Panthers,2,Carolina Hurricanes,7,,13597,,
10/10/2009,Washington Capitals,2,Detroit Red Wings,3,,19122,,
10/10/2009,Montreal Canadiens,2,Edmonton Oilers,3,,16839,,
10/10/2009,Atlanta Thrashers,2,Ottawa Senators,4,,19360,,
10/10/2009,Columbus Blue Jackets,2,Phoenix Coyotes,0,,17532,,
10/10/2009,Minnesota Wild,2,San Jose Sharks,4,,17562,,
10/10/2009,Los Angeles Kings,2,St. Louis Blues,1,,19150,,
10/10/2009,Carolina Hurricanes,2,Tampa Bay Lightning,5,,14212,,
10/12/2009,Los Angeles Kings,2,New York Islanders,1,,12145,,
10/12/2009,Toronto Maple Leafs,2,New York Rangers,7,,18200,,
10/12/2009,Florida Panthers,2,Tampa Bay Lightning,3,,14126,,
10/13/2009,Detroit Red Wings,2,Buffalo Sabres,6,,17459,,
10/14/2009,Minnesota Wild,2,Anaheim Ducks,3,,15111,,
10/14/2009,Los Angeles Kings,2,New York Rangers,4,,18200,,
10/15/2009,Los Angeles Kings,2,Detroit Red Wings,5,,17782,,
10/16/2009,Minnesota Wild,2,Edmonton Oilers,5,,16839,,
10/16/2009,Philadelphia Flyers,2,Florida Panthers,4,,15557,,
10/21/2009,Nashville Predators,2,Boston Bruins,3,,16715,,
10/22/2009,San Jose Sharks,2,Tampa Bay Lightning,5,,13343,,
10/24/2009,Edmonton Oilers,2,Calgary Flames,5,,19289,,
10/25/2009,Columbus Blue Jackets,2,Los Angeles Kings,6,,15820,,
10/26/2009,Phoenix Coyotes,2,New York Rangers,5,,18200,,
10/27/2009,Philadelphia Flyers,2,Washington Capitals,4,,18277,,
10/29/2009,New Jersey Devils,2,Boston Bruins,1,,17565,,
10/29/2009,Phoenix Coyotes,2,St. Louis Blues,0,,18087,,
10/29/2009,Ottawa Senators,2,Tampa Bay Lightning,5,,13213,,
10/30/2009,Vancouver Canucks,2,Anaheim Ducks,7,,14756,,
10/30/2009,Montreal Canadiens,2,Chicago Blackhawks,3,,20807,,
10/30/2009,New York Rangers,2,Minnesota Wild,3,,18106,,
10/31/2009,Dallas Stars,2,Nashville Predators,4,,12520,,
10/31/2009,Minnesota Wild,2,Pittsburgh Penguins,1,,16960,,
11/2/2009,Tampa Bay Lightning,2,Philadelphia Flyers,6,,18667,,
11/4/2009,Washington Capitals,2,New Jersey Devils,3,,13498,,
11/5/2009,Pittsburgh Penguins,2,Los Angeles Kings,5,,18118,,
11/7/2009,Buffalo Sabres,2,Boston Bruins,4,,17565,,
11/7/2009,Carolina Hurricanes,2,Columbus Blue Jackets,3,,14850,,
11/7/2009,Dallas Stars,2,Minnesota Wild,3,,18558,,
11/13/2009,Toronto Maple Leafs,2,Chicago Blackhawks,3,,21036,,
11/14/2009,Washington Capitals,2,New Jersey Devils,5,,16521,,
11/14/2009,Dallas Stars,2,Phoenix Coyotes,3,,11319,,
11/15/2009,Edmonton Oilers,2,Atlanta Thrashers,3,,11091,,
11/16/2009,New Jersey Devils,2,Philadelphia Flyers,3,,19673,,
11/16/2009,Anaheim Ducks,2,Pittsburgh Penguins,5,,17052,,
11/17/2009,Toronto Maple Leafs,2,Ottawa Senators,3,,17406,,
11/19/2009,Pittsburgh Penguins,2,Ottawa Senators,6,,17039,,
11/20/2009,New York Islanders,2,Minnesota Wild,3,,18114,,
11/20/2009,Colorado Avalanche,2,Vancouver Canucks,5,,18810,,
11/25/2009,Carolina Hurricanes,2,Anaheim Ducks,3,,14766,,
11/25/2009,Atlanta Thrashers,2,Detroit Red Wings,0,,19751,,
11/25/2009,Philadelphia Flyers,2,New York Islanders,1,,12687,,
11/27/2009,Pittsburgh Penguins,2,New York Islanders,3,,15262,,
11/27/2009,Dallas Stars,2,Phoenix Coyotes,5,,10691,,
11/30/2009,St. Louis Blues,2,Columbus Blue Jackets,5,,12391,,
12/1/2009,Ottawa Senators,2,San Jose Sharks,5,,17562,,
12/3/2009,Montreal Canadiens,2,Buffalo Sabres,6,,18690,,
12/3/2009,Florida Panthers,2,Washington Capitals,6,,18277,,
12/4/2009,Tampa Bay Lightning,2,New Jersey Devils,3,,15336,,
12/5/2009,Toronto Maple Leafs,2,Boston Bruins,7,,17565,,
12/5/2009,New York Rangers,2,Buffalo Sabres,1,,18301,,
12/5/2009,Ottawa Senators,2,Phoenix Coyotes,3,,8642,,
12/5/2009,Calgary Flames,2,San Jose Sharks,1,,17562,,
12/7/2009,Atlanta Thrashers,2,Toronto Maple Leafs,5,,19050,,
12/8/2009,Vancouver Canucks,2,Nashville Predators,4,,12565,,
12/8/2009,New York Islanders,2,Philadelphia Flyers,6,,19330,,
12/9/2009,Carolina Hurricanes,2,New Jersey Devils,4,,12013,,
12/9/2009,New York Islanders,2,Toronto Maple Leafs,3,,19102,,
12/10/2009,Toronto Maple Leafs,2,Boston Bruins,5,,17565,,
12/10/2009,Ottawa Senators,2,Philadelphia Flyers,0,,19706,,
12/10/2009,Atlanta Thrashers,2,Vancouver Canucks,4,,18810,,
12/12/2009,Carolina Hurricanes,2,Ottawa Senators,4,,16229,,
12/13/2009,Calgary Flames,2,Colorado Avalanche,3,,11448,,
12/14/2009,Phoenix Coyotes,2,Detroit Red Wings,3,,18795,,
12/14/2009,Ottawa Senators,2,Toronto Maple Leafs,3,,19315,,
12/16/2009,New York Islanders,2,New York Rangers,1,,18200,,
12/18/2009,Toronto Maple Leafs,2,Buffalo Sabres,5,,18159,,
12/18/2009,Ottawa Senators,2,New Jersey Devils,4,,13728,,
12/18/2009,Washington Capitals,2,Vancouver Canucks,3,,18810,,
12/19/2009,Phoenix Coyotes,2,Anaheim Ducks,4,,15107,,
12/19/2009,Florida Panthers,2,Carolina Hurricanes,3,,12758,,
12/19/2009,Columbus Blue Jackets,2,Colorado Avalanche,5,,11782,,
12/19/2009,New York Rangers,2,Philadelphia Flyers,1,,19637,,
12/21/2009,Boston Bruins,2,Ottawa Senators,0,,19865,,
12/21/2009,Columbus Blue Jackets,2,Phoenix Coyotes,5,,9348,,
12/23/2009,Ottawa Senators,2,Pittsburgh Penguins,8,,17132,,
12/23/2009,Buffalo Sabres,2,Washington Capitals,5,,18277,,
12/26/2009,Los Angeles Kings,2,Phoenix Coyotes,3,,16131,,
12/26/2009,Anaheim Ducks,2,San Jose Sharks,5,,17562,,
12/27/2009,Boston Bruins,2,Florida Panthers,1,,18799,,
12/27/2009,Philadelphia Flyers,2,New York Islanders,1,,12819,,
12/28/2009,Atlanta Thrashers,2,New Jersey Devils,3,,17024,,
12/28/2009,Montreal Canadiens,2,Ottawa Senators,4,,20369,,
12/29/2009,Minnesota Wild,2,Anaheim Ducks,4,,16960,,
12/30/2009,Washington Capitals,2,San Jose Sharks,5,,17562,,
12/31/2009,New York Rangers,2,Carolina Hurricanes,1,,16947,,
12/31/2009,Colorado Avalanche,2,Detroit Red Wings,4,,20066,,
1/3/2010,Anaheim Ducks,2,Chicago Blackhawks,5,,21662,,
1/3/2010,Pittsburgh Penguins,2,Florida Panthers,6,,18110,,
1/4/2010,Boston Bruins,2,New York Rangers,3,,18200,,
1/5/2010,Atlanta Thrashers,2,Pittsburgh Penguins,5,,17049,,
1/5/2010,Florida Panthers,2,Toronto Maple Leafs,3,,18984,,
1/5/2010,Montreal Canadiens,2,Washington Capitals,4,,18277,,
1/6/2010,Dallas Stars,2,New York Rangers,5,,18200,,
1/6/2010,Toronto Maple Leafs,2,Philadelphia Flyers,6,,19617,,
1/7/2010,St. Louis Blues,2,Anaheim Ducks,4,,14248,,
1/7/2010,Detroit Red Wings,2,Los Angeles Kings,1,,18118,,
1/7/2010,Carolina Hurricanes,2,Nashville Predators,4,,14910,,
1/7/2010,Ottawa Senators,2,Washington Capitals,5,,18277,,
1/8/2010,Toronto Maple Leafs,2,Buffalo Sabres,3,,18690,,
1/11/2010,San Jose Sharks,2,Los Angeles Kings,1,,17821,,
1/13/2010,Vancouver Canucks,2,Minnesota Wild,5,,18356,,
1/14/2010,Ottawa Senators,2,New York Rangers,0,,18200,,
1/16/2010,Tampa Bay Lightning,2,Florida Panthers,5,,15971,,
1/16/2010,Edmonton Oilers,2,San Jose Sharks,4,,17562,,
1/16/2010,Pittsburgh Penguins,2,Vancouver Canucks,6,,18810,,
1/17/2010,Montreal Canadiens,2,New York Rangers,6,,18200,,
1/18/2010,St. Louis Blues,2,Columbus Blue Jackets,4,,14505,,
1/19/2010,Tampa Bay Lightning,2,New York Rangers,8,,18200,,
1/19/2010,Detroit Red Wings,2,Washington Capitals,3,,18277,,
1/21/2010,St. Louis Blues,2,Ottawa Senators,3,,16063,,
1/21/2010,Nashville Predators,2,Phoenix Coyotes,4,,9142,,
1/23/2010,Ottawa Senators,2,Boston Bruins,1,,17565,,
1/23/2010,Columbus Blue Jackets,2,Minnesota Wild,4,,18173,,
1/23/2010,Carolina Hurricanes,2,Philadelphia Flyers,4,,19732,,
1/23/2010,Buffalo Sabres,2,San Jose Sharks,5,,17562,,
1/23/2010,Phoenix Coyotes,2,Washington Capitals,4,,18277,,
1/24/2010,Pittsburgh Penguins,2,Philadelphia Flyers,1,,19798,,
1/25/2010,St. Louis Blues,2,Calgary Flames,0,,19289,,
1/25/2010,Buffalo Sabres,2,Vancouver Canucks,3,,18810,,
1/26/2010,Nashville Predators,2,Columbus Blue Jackets,3,,13775,,
1/27/2010,Detroit Red Wings,2,Minnesota Wild,5,,18316,,
1/27/2010,St. Louis Blues,2,Vancouver Canucks,3,,18810,,
1/28/2010,St. Louis Blues,2,Edmonton Oilers,1,,16839,,
1/29/2010,Colorado Avalanche,2,Dallas Stars,3,,18532,,
1/29/2010,Nashville Predators,2,Detroit Red Wings,4,,20066,,
1/30/2010,Chicago Blackhawks,2,Carolina Hurricanes,4,,6896,,
1/30/2010,New York Rangers,2,Phoenix Coyotes,3,,16687,,
1/30/2010,Minnesota Wild,2,San Jose Sharks,5,,17562,,
1/31/2010,Tampa Bay Lightning,2,Washington Capitals,3,,18277,,
2/1/2010,Carolina Hurricanes,2,Edmonton Oilers,4,,16839,,
2/2/2010,Tampa Bay Lightning,2,Atlanta Thrashers,1,,11390,,
2/2/2010,Minnesota Wild,2,Dallas Stars,4,,16729,,
2/2/2010,Vancouver Canucks,2,Montreal Canadiens,3,,21273,,
2/4/2010,Edmonton Oilers,2,Minnesota Wild,4,,18168,,
2/4/2010,New York Islanders,2,Tampa Bay Lightning,5,,13891,,
2/5/2010,Calgary Flames,2,Florida Panthers,1,,16781,,
2/5/2010,Atlanta Thrashers,2,Washington Capitals,5,,18277,,
2/6/2010,Florida Panthers,2,Atlanta Thrashers,4,,16743,,
2/6/2010,Chicago Blackhawks,2,St. Louis Blues,1,,19150,,
2/8/2010,Los Angeles Kings,2,Anaheim Ducks,4,,16033,,
2/8/2010,St. Louis Blues,2,Colorado Avalanche,5,,11261,,
2/8/2010,New Jersey Devils,2,Philadelphia Flyers,3,,19678,,
2/9/2010,Calgary Flames,2,Ottawa Senators,3,,18682,,
2/10/2010,Edmonton Oilers,2,Anaheim Ducks,3,,14766,,
2/10/2010,Nashville Predators,2,New York Rangers,1,,13128,,
2/12/2010,Nashville Predators,2,New Jersey Devils,5,,17625,,
2/12/2010,Montreal Canadiens,2,Philadelphia Flyers,3,,19803,,
2/13/2010,New Jersey Devils,2,Carolina Hurricanes,5,,16466,,
2/14/2010,Vancouver Canucks,2,Minnesota Wild,6,,19342,,
2/14/2010,Tampa Bay Lightning,2,New York Rangers,5,,18200,,
3/2/2010,Florida Panthers,2,Atlanta Thrashers,4,,13818,,
3/2/2010,Buffalo Sabres,2,Pittsburgh Penguins,3,,17132,,
3/3/2010,Edmonton Oilers,2,Chicago Blackhawks,5,,22204,,
3/4/2010,Los Angeles Kings,2,Nashville Predators,4,,15653,,
3/4/2010,Montreal Canadiens,2,San Jose Sharks,3,,17562,,
3/5/2010,Nashville Predators,2,Detroit Red Wings,5,,19608,,
3/6/2010,Atlanta Thrashers,2,Tampa Bay Lightning,6,,19926,,
3/9/2010,Nashville Predators,2,Atlanta Thrashers,1,,11106,,
3/9/2010,New York Islanders,2,Philadelphia Flyers,3,,19687,,
3/13/2010,Boston Bruins,2,Montreal Canadiens,3,,21273,,
3/13/2010,New Jersey Devils,2,New York Islanders,4,,15583,,
3/13/2010,Chicago Blackhawks,2,Philadelphia Flyers,3,,19858,,
3/14/2010,San Jose Sharks,2,Anaheim Ducks,4,,16317,,
3/14/2010,St. Louis Blues,2,Minnesota Wild,4,,18580,,
3/14/2010,Pittsburgh Penguins,2,Tampa Bay Lightning,1,,20230,,
3/15/2010,Detroit Red Wings,2,Calgary Flames,1,,19289,,
3/15/2010,Boston Bruins,2,New Jersey Devils,3,,15801,,
3/16/2010,San Jose Sharks,2,Dallas Stars,8,,18532,,
3/16/2010,Edmonton Oilers,2,Minnesota Wild,4,,18474,,
3/16/2010,Phoenix Coyotes,2,Tampa Bay Lightning,1,,14517,,
3/17/2010,Chicago Blackhawks,2,Anaheim Ducks,4,,15243,,
3/17/2010,Pittsburgh Penguins,2,New Jersey Devils,5,,17625,,
3/18/2010,San Jose Sharks,2,Vancouver Canucks,3,,18810,,
3/19/2010,Minnesota Wild,2,Columbus Blue Jackets,4,,16419,,
3/20/2010,Philadelphia Flyers,2,Atlanta Thrashers,5,,17024,,
3/21/2010,Colorado Avalanche,2,Anaheim Ducks,5,,15528,,
3/21/2010,Tampa Bay Lightning,2,Florida Panthers,5,,14831,,
3/22/2010,Ottawa Senators,2,Montreal Canadiens,0,,21273,,
3/23/2010,Vancouver Canucks,2,Edmonton Oilers,3,,16839,,
3/24/2010,St. Louis Blues,2,Detroit Red Wings,4,,19625,,
3/25/2010,Calgary Flames,2,New York Islanders,3,,12817,,
3/26/2010,Minnesota Wild,2,Detroit Red Wings,6,,20066,,
3/27/2010,Florida Panthers,2,Ottawa Senators,3,,18689,,
3/27/2010,Colorado Avalanche,2,Phoenix Coyotes,6,,17188,,
3/27/2010,Vancouver Canucks,2,San Jose Sharks,4,,17562,,
3/29/2010,Los Angeles Kings,2,Minnesota Wild,3,,18284,,
3/30/2010,Tampa Bay Lightning,2,Columbus Blue Jackets,3,,15760,,
3/30/2010,Los Angeles Kings,2,Nashville Predators,0,,14433,,
3/30/2010,Chicago Blackhawks,2,St. Louis Blues,4,,19150,,
3/31/2010,Florida Panthers,2,Buffalo Sabres,6,,18690,,
3/31/2010,Carolina Hurricanes,2,Montreal Canadiens,1,,21273,,
3/31/2010,Tampa Bay Lightning,2,Pittsburgh Penguins,0,,17132,,
4/1/2010,Columbus Blue Jackets,2,Detroit Red Wings,3,,19259,,
4/1/2010,St. Louis Blues,2,Nashville Predators,3,,15242,,
4/1/2010,Buffalo Sabres,2,Toronto Maple Leafs,4,,19090,,
4/2/2010,Calgary Flames,2,Colorado Avalanche,1,,18007,,
4/6/2010,New York Rangers,2,Buffalo Sabres,5,,18690,,
4/6/2010,San Jose Sharks,2,Calgary Flames,1,,19289,,
4/6/2010,Philadelphia Flyers,2,Toronto Maple Leafs,0,,19366,,
4/7/2010,Nashville Predators,2,Phoenix Coyotes,5,,17136,,
4/8/2010,Montreal Canadiens,2,Carolina Hurricanes,5,,18680,,
4/8/2010,New Jersey Devils,2,Florida Panthers,3,,15273,,
4/8/2010,Vancouver Canucks,2,San Jose Sharks,4,,17562,,
4/9/2010,Atlanta Thrashers,2,Washington Capitals,5,,18277,,
4/10/2010,Carolina Hurricanes,2,Boston Bruins,4,,17565,,
4/11/2010,Edmonton Oilers,2,Anaheim Ducks,7,,16392,,
10/7/2009,Montreal Canadiens,1,Vancouver Canucks,7,,18810,,
10/10/2009,Buffalo Sabres,1,Nashville Predators,0,,14209,,
10/15/2009,Tampa Bay Lightning,1,Ottawa Senators,7,,17732,,
10/15/2009,San Jose Sharks,1,Washington Capitals,4,,18277,,
10/17/2009,Los Angeles Kings,1,Columbus Blue Jackets,4,,15251,,
10/17/2009,Boston Bruins,1,Phoenix Coyotes,4,,9162,,
10/17/2009,Tampa Bay Lightning,1,Pittsburgh Penguins,4,,17132,,
10/20/2009,St. Louis Blues,1,Pittsburgh Penguins,5,,17132,,
10/22/2009,New York Islanders,1,Montreal Canadiens,5,,21273,,
10/23/2009,Minnesota Wild,1,St. Louis Blues,3,,19150,,
10/24/2009,Detroit Red Wings,1,Colorado Avalanche,3,,17690,,
10/24/2009,Florida Panthers,1,Philadelphia Flyers,5,,19007,,
10/24/2009,Toronto Maple Leafs,1,Vancouver Canucks,3,,18810,,
10/26/2009,Minnesota Wild,1,Chicago Blackhawks,3,,20046,,
10/28/2009,New York Rangers,1,New York Islanders,3,,15213,,
10/28/2009,Montreal Canadiens,1,Pittsburgh Penguins,6,,16965,,
10/30/2009,Colorado Avalanche,1,San Jose Sharks,3,,17562,,
10/31/2009,Carolina Hurricanes,1,Philadelphia Flyers,6,,19076,,
11/2/2009,Edmonton Oilers,1,New York Islanders,3,,10846,,
11/3/2009,New York Rangers,1,Vancouver Canucks,4,,18810,,
11/4/2009,Phoenix Coyotes,1,Colorado Avalanche,4,,11012,,
11/5/2009,Chicago Blackhawks,1,Phoenix Coyotes,3,,10362,,
11/7/2009,New York Rangers,1,Calgary Flames,3,,19289,,
11/7/2009,Detroit Red Wings,1,Toronto Maple Leafs,5,,19303,,
11/9/2009,Los Angeles Kings,1,Chicago Blackhawks,4,,20293,,
11/10/2009,Calgary Flames,1,Montreal Canadiens,0,,21273,,
11/10/2009,Vancouver Canucks,1,St. Louis Blues,6,,17175,,
11/11/2009,Edmonton Oilers,1,Buffalo Sabres,3,,17797,,
11/11/2009,Anaheim Ducks,1,New Jersey Devils,3,,14123,,
11/12/2009,Vancouver Canucks,1,Detroit Red Wings,3,,20066,,
11/12/2009,Ottawa Senators,1,Philadelphia Flyers,5,,19321,,
11/13/2009,Minnesota Wild,1,Washington Capitals,3,,18277,,
11/21/2009,Tampa Bay Lightning,1,Carolina Hurricanes,3,,13224,,
11/21/2009,Philadelphia Flyers,1,Phoenix Coyotes,3,,11106,,
11/21/2009,New York Islanders,1,St. Louis Blues,4,,19150,,
11/22/2009,Chicago Blackhawks,1,Vancouver Canucks,0,,18810,,
11/23/2009,Detroit Red Wings,1,Nashville Predators,3,,14410,,
11/25/2009,Ottawa Senators,1,New Jersey Devils,3,,14056,,
11/25/2009,Montreal Canadiens,1,Pittsburgh Penguins,3,,17094,,
11/26/2009,Los Angeles Kings,1,Vancouver Canucks,4,,18810,,
11/27/2009,New York Rangers,1,Tampa Bay Lightning,5,,17608,,
11/28/2009,Carolina Hurricanes,1,Buffalo Sabres,5,,18690,,
11/28/2009,New York Islanders,1,New Jersey Devils,6,,16961,,
11/28/2009,Florida Panthers,1,Nashville Predators,4,,14120,,
11/30/2009,Dallas Stars,1,Detroit Red Wings,4,,17645,,
12/2/2009,Tampa Bay Lightning,1,Boston Bruins,4,,16553,,
12/3/2009,Anaheim Ducks,1,Dallas Stars,3,,16217,,
12/3/2009,Colorado Avalanche,1,Pittsburgh Penguins,4,,16968,,
12/4/2009,Boston Bruins,1,Montreal Canadiens,5,,21273,,
12/7/2009,Philadelphia Flyers,1,Montreal Canadiens,3,,21273,,
12/9/2009,Atlanta Thrashers,1,Calgary Flames,3,,19289,,
12/9/2009,Minnesota Wild,1,Colorado Avalanche,0,,11435,,
12/9/2009,St. Louis Blues,1,Detroit Red Wings,0,,18165,,
12/12/2009,Philadelphia Flyers,1,New Jersey Devils,4,,15724,,
12/14/2009,Los Angeles Kings,1,Vancouver Canucks,3,,18810,,
12/15/2009,Philadelphia Flyers,1,Pittsburgh Penguins,6,,17086,,
12/17/2009,Anaheim Ducks,1,San Jose Sharks,4,,17562,,
12/19/2009,Minnesota Wild,1,Ottawa Senators,4,,16259,,
12/22/2009,Nashville Predators,1,Vancouver Canucks,4,,18810,,
12/23/2009,Columbus Blue Jackets,1,Dallas Stars,3,,16532,,
12/23/2009,Edmonton Oilers,1,Minnesota Wild,3,,18250,,
12/23/2009,Toronto Maple Leafs,1,New York Islanders,3,,10865,,
12/23/2009,Florida Panthers,1,New York Rangers,4,,18200,,
12/26/2009,Dallas Stars,1,Colorado Avalanche,4,,18007,,
12/26/2009,Edmonton Oilers,1,Vancouver Canucks,4,,18810,,
12/26/2009,New Jersey Devils,1,Washington Capitals,4,,18277,,
12/30/2009,Toronto Maple Leafs,1,Edmonton Oilers,3,,16839,,
12/31/2009,New Jersey Devils,1,Chicago Blackhawks,5,,21614,,
1/2/2010,Toronto Maple Leafs,1,Calgary Flames,3,,19289,,
1/2/2010,Anaheim Ducks,1,Nashville Predators,3,,16654,,
1/2/2010,Edmonton Oilers,1,San Jose Sharks,4,,17562,,
1/2/2010,Pittsburgh Penguins,1,Tampa Bay Lightning,3,,20109,,
1/3/2010,Buffalo Sabres,1,Montreal Canadiens,0,,21273,,
1/5/2010,Detroit Red Wings,1,Anaheim Ducks,4,,15531,,
1/5/2010,Minnesota Wild,1,Chicago Blackhawks,4,,21381,,
1/6/2010,Calgary Flames,1,Minnesota Wild,4,,18137,,
1/9/2010,Tampa Bay Lightning,1,Philadelphia Flyers,4,,19678,,
1/10/2010,Ottawa Senators,1,Carolina Hurricanes,4,,16892,,
1/12/2010,Ottawa Senators,1,Atlanta Thrashers,6,,10017,,
1/12/2010,Columbus Blue Jackets,1,St. Louis Blues,4,,17900,,
1/14/2010,Carolina Hurricanes,1,Detroit Red Wings,3,,20066,,
1/15/2010,Nashville Predators,1,Calgary Flames,0,,19289,,
1/15/2010,Toronto Maple Leafs,1,Washington Capitals,6,,18277,,
1/16/2010,New Jersey Devils,1,Colorado Avalanche,3,,17816,,
1/16/2010,New York Rangers,1,St. Louis Blues,4,,19150,,
1/18/2010,Calgary Flames,1,San Jose Sharks,9,,17562,,
1/19/2010,Chicago Blackhawks,1,Ottawa Senators,4,,17556,,
1/21/2010,Anaheim Ducks,1,San Jose Sharks,3,,17562,,
1/23/2010,Chicago Blackhawks,1,Vancouver Canucks,5,,18810,,
1/24/2010,Boston Bruins,1,Carolina Hurricanes,5,,13512,,
1/27/2010,Anaheim Ducks,1,Washington Capitals,5,,18277,,
1/28/2010,New York Islanders,1,Carolina Hurricanes,4,,15473,,
1/28/2010,Minnesota Wild,1,Colorado Avalanche,0,,11597,,
1/29/2010,Florida Panthers,1,Washington Capitals,4,,18277,,
1/30/2010,Edmonton Oilers,1,Calgary Flames,6,,19289,,
2/2/2010,Columbus Blue Jackets,1,Colorado Avalanche,5,,11213,,
2/3/2010,Detroit Red Wings,1,Anaheim Ducks,3,,15180,,
2/3/2010,Carolina Hurricanes,1,Calgary Flames,4,,19289,,
2/4/2010,Vancouver Canucks,1,Ottawa Senators,3,,18803,,
2/6/2010,New Jersey Devils,1,New York Rangers,3,,18200,,
2/8/2010,Edmonton Oilers,1,Phoenix Coyotes,6,,13421,,
2/9/2010,Florida Panthers,1,Carolina Hurricanes,4,,18393,,
2/9/2010,Vancouver Canucks,1,Tampa Bay Lightning,3,,14226,,
2/10/2010,New York Islanders,1,Pittsburgh Penguins,3,,16980,,
2/13/2010,San Jose Sharks,1,Buffalo Sabres,3,,18690,,
2/13/2010,Anaheim Ducks,1,Calgary Flames,3,,19289,,
2/13/2010,Ottawa Senators,1,Detroit Red Wings,4,,20066,,
3/4/2010,Ottawa Senators,1,Carolina Hurricanes,4,,17048,,
3/4/2010,Colorado Avalanche,1,Phoenix Coyotes,3,,12426,,
3/6/2010,Carolina Hurricanes,1,Florida Panthers,4,,16202,,
3/7/2010,Toronto Maple Leafs,1,Philadelphia Flyers,3,,19632,,
3/11/2010,Minnesota Wild,1,Detroit Red Wings,5,,19327,,
3/12/2010,Nashville Predators,1,Anaheim Ducks,0,,15077,,
3/12/2010,Pittsburgh Penguins,1,New Jersey Devils,3,,17625,,
3/13/2010,Ottawa Senators,1,Vancouver Canucks,5,,18810,,
3/14/2010,Toronto Maple Leafs,1,New York Islanders,4,,12804,,
3/14/2010,Philadelphia Flyers,1,New York Rangers,3,,18200,,
3/14/2010,Calgary Flames,1,Vancouver Canucks,3,,18810,,
3/20/2010,St. Louis Blues,1,New Jersey Devils,0,,17625,,
3/21/2010,San Jose Sharks,1,Edmonton Oilers,5,,16839,,
3/22/2010,Pittsburgh Penguins,1,Detroit Red Wings,3,,20066,,
3/23/2010,Anaheim Ducks,1,Calgary Flames,3,,19289,,
3/24/2010,Anaheim Ducks,1,Vancouver Canucks,4,,18810,,
3/25/2010,Florida Panthers,1,Montreal Canadiens,4,,21273,,
3/25/2010,Los Angeles Kings,1,St. Louis Blues,3,,19150,,
3/27/2010,Tampa Bay Lightning,1,Buffalo Sabres,7,,18690,,
3/27/2010,Philadelphia Flyers,1,Pittsburgh Penguins,4,,17132,,
3/28/2010,New Jersey Devils,1,Philadelphia Flyers,5,,19769,,
3/29/2010,Dallas Stars,1,Anaheim Ducks,3,,15070,,
3/30/2010,Phoenix Coyotes,1,Vancouver Canucks,4,,18810,,
3/31/2010,San Jose Sharks,1,Dallas Stars,5,,17263,,
4/1/2010,Florida Panthers,1,Boston Bruins,0,,17565,,
4/2/2010,Montreal Canadiens,1,Philadelphia Flyers,0,,19801,,
4/3/2010,Ottawa Senators,1,New York Islanders,4,,11942,,
4/4/2010,Calgary Flames,1,Chicago Blackhawks,4,,21537,,
4/5/2010,Minnesota Wild,1,Edmonton Oilers,4,,16839,,
4/7/2010,Toronto Maple Leafs,1,New York Rangers,5,,18200,,
4/8/2010,Buffalo Sabres,1,Boston Bruins,3,,17565,,
4/10/2010,New York Islanders,1,New Jersey Devils,7,,17625,,
10/1/2009,Vancouver Canucks,3,Calgary Flames,5,,19289,,
10/3/2009,Tampa Bay Lightning,3,Atlanta Thrashers,6,,18545,,
10/6/2009,Montreal Canadiens,3,Calgary Flames,4,,19289,,
10/7/2009,Phoenix Coyotes,3,Pittsburgh Penguins,0,,16975,,
10/8/2009,Minnesota Wild,3,Los Angeles Kings,6,,14995,,
10/8/2009,Columbus Blue Jackets,3,San Jose Sharks,6,,17562,,
10/14/2009,Edmonton Oilers,3,Chicago Blackhawks,4,,20124,,
10/15/2009,Chicago Blackhawks,3,Nashville Predators,1,,13103,,
10/16/2009,New York Islanders,3,Buffalo Sabres,6,,18690,,
10/16/2009,Vancouver Canucks,3,Calgary Flames,5,,19289,,
10/16/2009,Boston Bruins,3,Dallas Stars,0,,17811,,
10/17/2009,Ottawa Senators,3,Montreal Canadiens,1,,21273,,
10/20/2009,Columbus Blue Jackets,3,Calgary Flames,6,,19289,,
10/27/2009,Colorado Avalanche,3,Edmonton Oilers,0,,16839,,
10/31/2009,Detroit Red Wings,3,Calgary Flames,1,,19289,,
10/31/2009,Atlanta Thrashers,3,Ottawa Senators,1,,17297,,
11/7/2009,Phoenix Coyotes,3,Anaheim Ducks,4,,15269,,
11/7/2009,Nashville Predators,3,Los Angeles Kings,1,,15237,,
11/7/2009,Tampa Bay Lightning,3,Montreal Canadiens,1,,21273,,
11/7/2009,Atlanta Thrashers,3,New York Islanders,6,,14119,,
11/10/2009,Nashville Predators,3,San Jose Sharks,4,,17562,,
11/12/2009,Nashville Predators,3,St. Louis Blues,1,,19150,,
11/14/2009,San Jose Sharks,3,St. Louis Blues,1,,19150,,
11/17/2009,San Jose Sharks,3,Nashville Predators,4,,13324,,
11/18/2009,Dallas Stars,3,Detroit Red Wings,1,,18112,,
11/20/2009,Philadelphia Flyers,3,San Jose Sharks,6,,17562,,
11/21/2009,New Jersey Devils,3,Dallas Stars,5,,17514,,
11/21/2009,Buffalo Sabres,3,Ottawa Senators,5,,17206,,
11/24/2009,Columbus Blue Jackets,3,Montreal Canadiens,5,,21273,,
11/25/2009,Los Angeles Kings,3,Edmonton Oilers,1,,16839,,
11/27/2009,Calgary Flames,3,Detroit Red Wings,0,,20066,,
11/27/2009,Colorado Avalanche,3,Minnesota Wild,5,,18365,,
11/27/2009,St. Louis Blues,3,Nashville Predators,1,,13170,,
11/28/2009,New York Rangers,3,Pittsburgh Penguins,8,,17122,,
11/28/2009,Edmonton Oilers,3,Vancouver Canucks,7,,18810,,
11/30/2009,Florida Panthers,3,Atlanta Thrashers,4,,10310,,
11/30/2009,Colorado Avalanche,3,Tampa Bay Lightning,0,,12214,,
11/30/2009,Buffalo Sabres,3,Toronto Maple Leafs,0,,19110,,
12/1/2009,Toronto Maple Leafs,3,Montreal Canadiens,0,,21273,,
12/3/2009,Ottawa Senators,3,Los Angeles Kings,6,,14997,,
12/3/2009,Vancouver Canucks,3,Philadelphia Flyers,0,,18892,,
12/5/2009,Vancouver Canucks,3,Carolina Hurricanes,5,,14990,,
12/6/2009,Detroit Red Wings,3,New York Rangers,1,,18200,,
12/7/2009,New Jersey Devils,3,Buffalo Sabres,0,,18690,,
12/7/2009,Washington Capitals,3,Tampa Bay Lightning,0,,12400,,
12/12/2009,Anaheim Ducks,3,Columbus Blue Jackets,1,,14461,,
12/12/2009,Washington Capitals,3,Toronto Maple Leafs,6,,19316,,
12/12/2009,Minnesota Wild,3,Vancouver Canucks,4,,18810,,
12/14/2009,Philadelphia Flyers,3,Boston Bruins,1,,17565,,
12/15/2009,Calgary Flames,3,St. Louis Blues,4,,19150,,
12/16/2009,Dallas Stars,3,Carolina Hurricanes,5,,13954,,
12/16/2009,Atlanta Thrashers,3,Florida Panthers,4,,11672,,
12/17/2009,Minnesota Wild,3,Montreal Canadiens,1,,21273,,
12/18/2009,Carolina Hurricanes,3,Florida Panthers,6,,15107,,
12/19/2009,Detroit Red Wings,3,Dallas Stars,4,,18532,,
12/19/2009,Montreal Canadiens,3,New York Islanders,0,,7842,,
12/20/2009,St. Louis Blues,3,Vancouver Canucks,1,,18810,,
12/21/2009,New York Rangers,3,Carolina Hurricanes,1,,16514,,
12/23/2009,Chicago Blackhawks,3,Detroit Red Wings,0,,20066,,
12/26/2009,St. Louis Blues,3,Minnesota Wild,4,,18554,,
12/26/2009,Atlanta Thrashers,3,Tampa Bay Lightning,4,,15437,,
12/29/2009,Pittsburgh Penguins,3,Buffalo Sabres,4,,18690,,
12/31/2009,Anaheim Ducks,3,Dallas Stars,5,,18532,,
1/2/2010,Vancouver Canucks,3,Dallas Stars,1,,17059,,
1/5/2010,Calgary Flames,3,Nashville Predators,1,,15030,,
1/5/2010,Columbus Blue Jackets,3,Vancouver Canucks,7,,18810,,
1/6/2010,Tampa Bay Lightning,3,Buffalo Sabres,5,,18690,,
1/8/2010,New York Islanders,3,Dallas Stars,4,,17430,,
1/9/2010,New York Rangers,3,Boston Bruins,1,,17565,,
1/9/2010,Florida Panthers,3,Ottawa Senators,0,,16506,,
1/10/2010,Anaheim Ducks,3,Chicago Blackhawks,1,,21708,,
1/11/2010,Pittsburgh Penguins,3,Minnesota Wild,4,,19044,,
1/12/2010,Dallas Stars,3,Philadelphia Flyers,6,,19133,,
1/12/2010,San Jose Sharks,3,Phoenix Coyotes,1,,9248,,
1/13/2010,Boston Bruins,3,Anaheim Ducks,4,,14957,,
1/13/2010,Pittsburgh Penguins,3,Calgary Flames,1,,19289,,
1/14/2010,Dallas Stars,3,Montreal Canadiens,5,,21273,,
1/14/2010,New Jersey Devils,3,Phoenix Coyotes,4,,9430,,
1/17/2010,Philadelphia Flyers,3,Washington Capitals,5,,18277,,
1/18/2010,Minnesota Wild,3,Dallas Stars,4,,16302,,
1/19/2010,Toronto Maple Leafs,3,Atlanta Thrashers,4,,10208,,
1/19/2010,Columbus Blue Jackets,3,Philadelphia Flyers,5,,19126,,
1/21/2010,Chicago Blackhawks,3,Calgary Flames,1,,19289,,
1/21/2010,Dallas Stars,3,Vancouver Canucks,4,,18810,,
1/22/2010,Montreal Canadiens,3,New Jersey Devils,1,,17625,,
1/30/2010,Atlanta Thrashers,3,Nashville Predators,4,,16646,,
1/31/2010,New York Rangers,3,Colorado Avalanche,1,,15264,,
2/1/2010,Philadelphia Flyers,3,Calgary Flames,0,,19289,,
2/1/2010,Anaheim Ducks,3,Florida Panthers,0,,10843,,
2/4/2010,Colorado Avalanche,3,Nashville Predators,5,,17113,,
2/5/2010,Toronto Maple Leafs,3,New Jersey Devils,4,,15204,,
2/6/2010,Detroit Red Wings,3,Los Angeles Kings,4,,18118,,
2/6/2010,Pittsburgh Penguins,3,Montreal Canadiens,5,,21273,,
2/6/2010,Carolina Hurricanes,3,New York Islanders,1,,12709,,
2/7/2010,Boston Bruins,3,Montreal Canadiens,0,,21273,,
2/11/2010,Dallas Stars,3,Calgary Flames,1,,19289,,
2/11/2010,Vancouver Canucks,3,Florida Panthers,0,,13787,,
2/13/2010,Dallas Stars,3,Phoenix Coyotes,0,,16734,,
3/2/2010,Edmonton Oilers,3,Nashville Predators,4,,15682,,
3/2/2010,Chicago Blackhawks,3,New York Islanders,5,,13486,,
3/3/2010,Washington Capitals,3,Buffalo Sabres,1,,18690,,
3/4/2010,New York Islanders,3,Atlanta Thrashers,6,,14776,,
3/5/2010,New Jersey Devils,3,Calgary Flames,5,,19289,,
3/5/2010,Vancouver Canucks,3,Chicago Blackhawks,6,,22235,,
3/6/2010,St. Louis Blues,3,Colorado Avalanche,7,,18007,,
3/6/2010,Dallas Stars,3,Pittsburgh Penguins,6,,17132,,
3/9/2010,Tampa Bay Lightning,3,Montreal Canadiens,5,,21273,,
3/10/2010,Dallas Stars,3,Buffalo Sabres,5,,18690,,
3/10/2010,New York Rangers,3,New Jersey Devils,6,,17625,,
3/15/2010,Edmonton Oilers,3,Columbus Blue Jackets,5,,13603,,
3/16/2010,Buffalo Sabres,3,Atlanta Thrashers,4,,12540,,
3/16/2010,Montreal Canadiens,3,New York Rangers,1,,18200,,
3/18/2010,Ottawa Senators,3,Atlanta Thrashers,6,,12718,,
3/18/2010,Pittsburgh Penguins,3,Boston Bruins,0,,17565,,
3/18/2010,Chicago Blackhawks,3,Los Angeles Kings,0,,18118,,
3/19/2010,San Jose Sharks,3,Calgary Flames,4,,19289,,
3/20/2010,Buffalo Sabres,3,Florida Panthers,1,,18217,,
3/20/2010,Washington Capitals,3,Tampa Bay Lightning,1,,19844,,
3/21/2010,Calgary Flames,3,Minnesota Wild,4,,18411,,
3/21/2010,Atlanta Thrashers,3,Philadelphia Flyers,1,,19575,,
3/23/2010,Columbus Blue Jackets,3,New Jersey Devils,6,,14202,,
3/23/2010,Dallas Stars,3,Nashville Predators,1,,15501,,
3/25/2010,Chicago Blackhawks,3,Columbus Blue Jackets,8,,14573,,
3/28/2010,Colorado Avalanche,3,San Jose Sharks,4,,17562,,
4/1/2010,Vancouver Canucks,3,Los Angeles Kings,8,,18118,,
4/2/2010,Edmonton Oilers,3,Dallas Stars,6,,17626,,
4/4/2010,Detroit Red Wings,3,Philadelphia Flyers,4,,19596,,
4/6/2010,New Jersey Devils,3,Atlanta Thrashers,0,,12038,,
4/7/2010,Columbus Blue Jackets,3,Detroit Red Wings,4,,20066,,
4/8/2010,New York Islanders,3,Pittsburgh Penguins,7,,17132,,
4/9/2010,Philadelphia Flyers,3,New York Rangers,4,,18200,,
4/9/2010,Anaheim Ducks,3,St. Louis Blues,6,,19150,,
4/10/2010,Calgary Flames,3,Vancouver Canucks,7,,18810,,
4/11/2010,Tampa Bay Lightning,3,Florida Panthers,1,,15884,,
10/1/2009,Washington Capitals,4,Boston Bruins,1,,17565,,
10/3/2009,San Jose Sharks,4,Anaheim Ducks,1,,17281,,
10/3/2009,Calgary Flames,4,Edmonton Oilers,3,,16839,,
10/3/2009,Toronto Maple Leafs,4,Washington Capitals,6,,18277,,
10/6/2009,San Jose Sharks,4,Los Angeles Kings,6,,15035,,
10/8/2009,New York Rangers,4,Washington Capitals,3,,18277,,
10/12/2009,Colorado Avalanche,4,Boston Bruins,3,,16393,,
10/12/2009,Pittsburgh Penguins,4,Ottawa Senators,1,,17014,,
10/13/2009,Colorado Avalanche,4,Toronto Maple Leafs,1,,19148,,
10/17/2009,Dallas Stars,4,Chicago Blackhawks,3,,20424,,
10/17/2009,San Jose Sharks,4,New York Islanders,1,,11287,,
10/17/2009,New York Rangers,4,Toronto Maple Leafs,1,,19295,,
10/19/2009,Los Angeles Kings,4,Dallas Stars,1,,16210,,
10/22/2009,Columbus Blue Jackets,4,Edmonton Oilers,6,,16839,,
10/23/2009,Carolina Hurricanes,4,Colorado Avalanche,5,,13673,,
10/24/2009,San Jose Sharks,4,Atlanta Thrashers,3,,14945,,
10/24/2009,New Jersey Devils,4,Pittsburgh Penguins,1,,17132,,
10/24/2009,Dallas Stars,4,St. Louis Blues,1,,19150,,
10/25/2009,San Jose Sharks,4,Philadelphia Flyers,1,,19126,,
10/28/2009,Phoenix Coyotes,4,Columbus Blue Jackets,1,,13184,,
10/28/2009,Ottawa Senators,4,Florida Panthers,3,,12596,,
10/28/2009,Nashville Predators,4,Minnesota Wild,3,,18199,,
10/28/2009,Buffalo Sabres,4,New Jersey Devils,1,,14182,,
10/29/2009,Washington Capitals,4,Atlanta Thrashers,3,,12893,,
10/31/2009,Florida Panthers,4,St. Louis Blues,0,,17943,,
11/3/2009,Pittsburgh Penguins,4,Anaheim Ducks,3,,16128,,
11/5/2009,Columbus Blue Jackets,4,Atlanta Thrashers,3,,10878,,
11/6/2009,Washington Capitals,4,Florida Panthers,1,,15877,,
11/7/2009,Florida Panthers,4,Washington Capitals,7,,18277,,
11/12/2009,New Jersey Devils,4,Pittsburgh Penguins,1,,17005,,
11/14/2009,Anaheim Ducks,4,Detroit Red Wings,7,,20066,,
11/16/2009,New York Islanders,4,Boston Bruins,1,,16865,,
11/16/2009,Tampa Bay Lightning,4,Phoenix Coyotes,1,,9503,,
11/18/2009,Colorado Avalanche,4,Edmonton Oilers,6,,16839,,
11/19/2009,Columbus Blue Jackets,4,Dallas Stars,1,,16155,,
11/23/2009,Philadelphia Flyers,4,Colorado Avalanche,5,,13281,,
11/23/2009,Columbus Blue Jackets,4,New York Rangers,7,,18200,,
11/25/2009,Toronto Maple Leafs,4,Tampa Bay Lightning,3,,15333,,
12/1/2009,Los Angeles Kings,4,Anaheim Ducks,3,,14231,,
12/3/2009,New York Islanders,4,Atlanta Thrashers,1,,11704,,
12/3/2009,Edmonton Oilers,4,Detroit Red Wings,1,,18018,,
12/4/2009,Nashville Predators,4,Chicago Blackhawks,1,,20887,,
12/7/2009,Colorado Avalanche,4,St. Louis Blues,0,,19150,,
12/8/2009,Montreal Canadiens,4,Ottawa Senators,1,,18866,,
12/14/2009,Buffalo Sabres,4,Montreal Canadiens,3,,21273,,
12/15/2009,Tampa Bay Lightning,4,Nashville Predators,7,,15084,,
12/21/2009,Colorado Avalanche,4,Minnesota Wild,3,,18244,,
12/21/2009,Florida Panthers,4,Philadelphia Flyers,1,,19323,,
12/21/2009,New Jersey Devils,4,Pittsburgh Penguins,0,,17132,,
12/23/2009,Atlanta Thrashers,4,Boston Bruins,6,,17565,,
12/26/2009,Chicago Blackhawks,4,Nashville Predators,1,,17113,,
12/27/2009,Nashville Predators,4,Chicago Blackhawks,5,,21746,,
12/27/2009,Toronto Maple Leafs,4,Pittsburgh Penguins,3,,17132,,
12/28/2009,Calgary Flames,4,Edmonton Oilers,1,,16839,,
12/28/2009,Minnesota Wild,4,Los Angeles Kings,3,,18118,,
12/29/2009,Chicago Blackhawks,4,Dallas Stars,5,,18532,,
12/29/2009,Nashville Predators,4,St. Louis Blues,3,,19150,,
12/30/2009,Colorado Avalanche,4,Ottawa Senators,3,,17823,,
1/2/2010,Detroit Red Wings,4,Phoenix Coyotes,1,,17125,,
1/3/2010,Philadelphia Flyers,4,Ottawa Senators,7,,17153,,
1/5/2010,Boston Bruins,4,Ottawa Senators,1,,19156,,
1/9/2010,St. Louis Blues,4,Los Angeles Kings,3,,18118,,
1/9/2010,Detroit Red Wings,4,San Jose Sharks,1,,17562,,
1/9/2010,Pittsburgh Penguins,4,Toronto Maple Leafs,1,,19567,,
1/12/2010,Washington Capitals,4,Tampa Bay Lightning,7,,13891,,
1/16/2010,Minnesota Wild,4,Phoenix Coyotes,6,,12631,,
1/17/2010,Calgary Flames,4,Anaheim Ducks,5,,16153,,
1/18/2010,Toronto Maple Leafs,4,Nashville Predators,3,,16501,,
1/19/2010,Buffalo Sabres,4,Anaheim Ducks,5,,15570,,
1/19/2010,New York Islanders,4,Pittsburgh Penguins,6,,16981,,
1/22/2010,Dallas Stars,4,Edmonton Oilers,3,,16839,,
1/28/2010,Los Angeles Kings,4,Columbus Blue Jackets,1,,13709,,
1/28/2010,Atlanta Thrashers,4,Philadelphia Flyers,3,,19611,,
1/28/2010,Ottawa Senators,4,Pittsburgh Penguins,1,,17084,,
2/1/2010,Buffalo Sabres,4,Pittsburgh Penguins,5,,17029,,
2/2/2010,Washington Capitals,4,Boston Bruins,1,,17565,,
2/4/2010,Anaheim Ducks,4,Los Angeles Kings,6,,18118,,
2/5/2010,Carolina Hurricanes,4,Buffalo Sabres,3,,18690,,
2/6/2010,San Jose Sharks,4,Nashville Predators,3,,16007,,
2/12/2010,Vancouver Canucks,4,Columbus Blue Jackets,3,,16564,,
2/13/2010,Tampa Bay Lightning,4,New York Islanders,5,,12337,,
2/14/2010,Ottawa Senators,4,New York Islanders,3,,11297,,
3/2/2010,Montreal Canadiens,4,Boston Bruins,1,,17565,,
3/2/2010,New York Rangers,4,Ottawa Senators,1,,18254,,
3/2/2010,New Jersey Devils,4,San Jose Sharks,3,,17562,,
3/3/2010,Colorado Avalanche,4,Anaheim Ducks,3,,14840,,
3/3/2010,Minnesota Wild,4,Calgary Flames,0,,19289,,
3/3/2010,Philadelphia Flyers,4,Florida Panthers,7,,15878,,
3/4/2010,Tampa Bay Lightning,4,Washington Capitals,5,,18277,,
3/7/2010,Carolina Hurricanes,4,Atlanta Thrashers,0,,15306,,
3/9/2010,Ottawa Senators,4,Edmonton Oilers,1,,16839,,
3/13/2010,Phoenix Coyotes,4,Carolina Hurricanes,0,,17690,,
3/13/2010,Edmonton Oilers,4,Toronto Maple Leafs,6,,19243,,
3/16/2010,Toronto Maple Leafs,4,Ottawa Senators,1,,20405,,
3/18/2010,St. Louis Blues,4,New York Rangers,3,,18200,,
3/20/2010,Ottawa Senators,4,Dallas Stars,5,,17110,,
3/23/2010,Boston Bruins,4,Atlanta Thrashers,0,,14042,,
3/23/2010,San Jose Sharks,4,Minnesota Wild,1,,18551,,
3/23/2010,Florida Panthers,4,Toronto Maple Leafs,1,,19158,,
3/27/2010,Atlanta Thrashers,4,Carolina Hurricanes,0,,16108,,
3/27/2010,Dallas Stars,4,Los Angeles Kings,1,,18118,,
3/29/2010,Carolina Hurricanes,4,Atlanta Thrashers,1,,13440,,
3/30/2010,Edmonton Oilers,4,Detroit Red Wings,5,,19343,,
3/30/2010,New York Rangers,4,New York Islanders,3,,16250,,
3/31/2010,Chicago Blackhawks,4,Minnesota Wild,0,,18933,,
4/1/2010,Philadelphia Flyers,4,New York Islanders,6,,11823,,
4/3/2010,New Jersey Devils,4,Carolina Hurricanes,0,,16073,,
4/3/2010,New York Rangers,4,Florida Panthers,1,,18011,,
10/3/2009,Vancouver Canucks,0,Colorado Avalanche,3,,13416,,
10/3/2009,Phoenix Coyotes,6,Los Angeles Kings,3,,18118,,
10/5/2009,Columbus Blue Jackets,5,Vancouver Canucks,3,,18810,,
10/8/2009,Anaheim Ducks,6,Boston Bruins,1,,16158,,
10/8/2009,Pittsburgh Penguins,5,Philadelphia Flyers,4,,19611,,
10/11/2009,Anaheim Ducks,0,New York Rangers,3,,18200,,
10/12/2009,Edmonton Oilers,6,Nashville Predators,1,,12179,,
10/14/2009,Nashville Predators,0,Dallas Stars,6,,16365,,
10/17/2009,St. Louis Blues,5,Anaheim Ducks,0,,14902,,
10/19/2009,San Jose Sharks,7,New York Rangers,3,,18200,,
10/22/2009,Washington Capitals,5,Atlanta Thrashers,4,,13192,,
10/24/2009,Columbus Blue Jackets,6,Anaheim Ducks,4,,14468,,
10/24/2009,Los Angeles Kings,5,Phoenix Coyotes,3,,7968,,
10/26/2009,Toronto Maple Leafs,6,Anaheim Ducks,3,,14291,,
10/27/2009,Detroit Red Wings,5,Vancouver Canucks,4,,18810,,
10/31/2009,Buffalo Sabres,0,New York Islanders,5,,8889,,
11/1/2009,San Jose Sharks,5,Carolina Hurricanes,1,,15089,,
11/1/2009,Boston Bruins,0,New York Rangers,1,,18200,,
11/1/2009,Colorado Avalanche,0,Vancouver Canucks,3,,18810,,
11/2/2009,Los Angeles Kings,5,Phoenix Coyotes,3,,5855,,
11/3/2009,Atlanta Thrashers,5,Montreal Canadiens,4,,21273,,
11/4/2009,New York Islanders,0,Buffalo Sabres,3,,17626,,
11/4/2009,Carolina Hurricanes,0,Florida Panthers,3,,12424,,
11/5/2009,Nashville Predators,0,Anaheim Ducks,4,,14298,,
11/7/2009,Pittsburgh Penguins,0,San Jose Sharks,5,,17562,,
11/8/2009,Edmonton Oilers,5,Colorado Avalanche,3,,12118,,
11/10/2009,Pittsburgh Penguins,0,Boston Bruins,3,,17565,,
11/11/2009,Detroit Red Wings,9,Columbus Blue Jackets,1,,15304,,
11/12/2009,Atlanta Thrashers,5,New York Rangers,3,,18200,,
11/13/2009,Los Angeles Kings,0,Atlanta Thrashers,7,,15638,,
11/19/2009,Chicago Blackhawks,7,Calgary Flames,1,,19289,,
11/23/2009,Phoenix Coyotes,0,Edmonton Oilers,4,,16839,,
11/27/2009,Chicago Blackhawks,0,Anaheim Ducks,3,,15068,,
11/27/2009,Atlanta Thrashers,6,Carolina Hurricanes,4,,14463,,
11/27/2009,Toronto Maple Leafs,6,Florida Panthers,4,,16101,,
11/28/2009,Philadelphia Flyers,0,Atlanta Thrashers,1,,16018,,
11/30/2009,Calgary Flames,5,Nashville Predators,0,,10581,,
12/3/2009,Toronto Maple Leafs,6,Columbus Blue Jackets,3,,13825,,
12/5/2009,Minnesota Wild,5,Nashville Predators,3,,13145,,
12/5/2009,New York Islanders,0,Tampa Bay Lightning,4,,13577,,
12/9/2009,Washington Capitals,0,Buffalo Sabres,3,,17982,,
12/9/2009,Florida Panthers,0,Columbus Blue Jackets,3,,12800,,
12/11/2009,Edmonton Oilers,5,St. Louis Blues,3,,19150,,
12/13/2009,Tampa Bay Lightning,0,Chicago Blackhawks,4,,21081,,
12/14/2009,Nashville Predators,5,Columbus Blue Jackets,3,,12856,,
12/14/2009,Florida Panthers,7,New York Islanders,1,,10489,,
12/15/2009,Washington Capitals,6,Colorado Avalanche,1,,14172,,
12/16/2009,St. Louis Blues,0,Chicago Blackhawks,3,,21137,,
12/16/2009,Phoenix Coyotes,6,Toronto Maple Leafs,3,,19088,,
12/17/2009,Tampa Bay Lightning,0,Detroit Red Wings,3,,19474,,
12/17/2009,Nashville Predators,6,Edmonton Oilers,3,,16839,,
12/18/2009,Tampa Bay Lightning,6,St. Louis Blues,3,,19150,,
12/19/2009,New Jersey Devils,5,Atlanta Thrashers,4,,14616,,
12/19/2009,Nashville Predators,5,Calgary Flames,3,,19289,,
12/20/2009,Detroit Red Wings,0,Chicago Blackhawks,3,,21781,,
12/23/2009,Montreal Canadiens,5,Carolina Hurricanes,1,,14820,,
12/23/2009,Anaheim Ducks,0,Phoenix Coyotes,4,,10030,,
12/27/2009,Vancouver Canucks,5,Calgary Flames,1,,19289,,
12/27/2009,Buffalo Sabres,5,St. Louis Blues,3,,19150,,
12/28/2009,Carolina Hurricanes,6,Washington Capitals,3,,18277,,
12/30/2009,Atlanta Thrashers,0,Boston Bruins,4,,17565,,
12/30/2009,Philadelphia Flyers,6,New York Rangers,0,,18200,,
12/31/2009,Montreal Canadiens,5,Florida Panthers,4,,19851,,
1/2/2010,New Jersey Devils,5,Minnesota Wild,3,,19155,,
1/2/2010,Chicago Blackhawks,6,St. Louis Blues,3,,19150,,
1/5/2010,Dallas Stars,0,New Jersey Devils,4,,14202,,
1/7/2010,Philadelphia Flyers,7,Pittsburgh Penguins,4,,17095,,
1/7/2010,Phoenix Coyotes,0,Vancouver Canucks,4,,18810,,
1/9/2010,Washington Capitals,8,Atlanta Thrashers,1,,16767,,
1/12/2010,Nashville Predators,5,Edmonton Oilers,3,,16839,,
1/12/2010,Detroit Red Wings,0,New York Islanders,6,,12254,,
1/14/2010,Columbus Blue Jackets,0,Chicago Blackhawks,3,,21884,,
1/14/2010,Anaheim Ducks,0,Los Angeles Kings,4,,18118,,
1/14/2010,Minnesota Wild,0,St. Louis Blues,1,,19150,,
1/14/2010,Philadelphia Flyers,0,Toronto Maple Leafs,4,,19370,,
1/16/2010,Atlanta Thrashers,5,Carolina Hurricanes,3,,14812,,
1/16/2010,Chicago Blackhawks,6,Columbus Blue Jackets,5,,18738,,
1/18/2010,Ottawa Senators,5,Boston Bruins,1,,17565,,
1/18/2010,Edmonton Oilers,0,Colorado Avalanche,6,,11232,,
1/18/2010,Atlanta Thrashers,0,Florida Panthers,1,,11818,,
1/18/2010,New Jersey Devils,0,New York Islanders,4,,16250,,
1/19/2010,San Jose Sharks,5,Los Angeles Kings,1,,16212,,
1/21/2010,Washington Capitals,6,Pittsburgh Penguins,3,,17132,,
1/23/2010,New York Rangers,0,Montreal Canadiens,6,,21273,,
1/24/2010,Dallas Stars,0,Colorado Avalanche,4,,11741,,
1/26/2010,New Jersey Devils,0,Ottawa Senators,3,,18107,,
1/26/2010,Los Angeles Kings,5,Toronto Maple Leafs,3,,19322,,
1/27/2010,Carolina Hurricanes,5,New York Rangers,1,,18200,,
1/27/2010,Montreal Canadiens,0,Tampa Bay Lightning,3,,14404,,
1/30/2010,Vancouver Canucks,5,Toronto Maple Leafs,3,,19534,,
2/2/2010,New Jersey Devils,0,Toronto Maple Leafs,3,,19326,,
2/3/2010,Philadelphia Flyers,0,Edmonton Oilers,1,,16839,,
2/4/2010,Washington Capitals,6,New York Rangers,5,,18200,,
2/6/2010,Buffalo Sabres,0,Columbus Blue Jackets,4,,18576,,
2/6/2010,Edmonton Oilers,0,Colorado Avalanche,3,,16571,,
2/6/2010,Phoenix Coyotes,0,Dallas Stars,4,,18532,,
2/6/2010,Ottawa Senators,0,Toronto Maple Leafs,5,,19426,,
2/10/2010,San Jose Sharks,0,Columbus Blue Jackets,3,,15234,,
2/11/2010,Washington Capitals,5,Ottawa Senators,6,,19682,,
2/11/2010,Boston Bruins,5,Tampa Bay Lightning,4,,15826,,
2/12/2010,Toronto Maple Leafs,0,St. Louis Blues,4,,19150,,
2/13/2010,Colorado Avalanche,0,Los Angeles Kings,3,,18118,,
2/14/2010,Anaheim Ducks,7,Edmonton Oilers,3,,16839,,
3/2/2010,Los Angeles Kings,5,Dallas Stars,1,,15571,,
3/2/2010,Carolina Hurricanes,5,Toronto Maple Leafs,1,,19096,,
3/3/2010,Vancouver Canucks,6,Detroit Red Wings,3,,19536,,
3/4/2010,St. Louis Blues,6,Dallas Stars,1,,17132,,
3/6/2010,Anaheim Ducks,0,Phoenix Coyotes,4,,14965,,
3/7/2010,Detroit Red Wings,5,Chicago Blackhawks,4,,22309,,
3/8/2010,Columbus Blue Jackets,0,Los Angeles Kings,6,,17524,,
3/9/2010,Vancouver Canucks,6,Colorado Avalanche,4,,12861,,
3/11/2010,Florida Panthers,0,Colorado Avalanche,3,,11458,,
3/11/2010,Boston Bruins,5,Philadelphia Flyers,1,,19673,,
3/11/2010,Nashville Predators,5,San Jose Sharks,8,,17562,,
3/13/2010,St. Louis Blues,5,Columbus Blue Jackets,1,,16453,,
3/14/2010,Colorado Avalanche,5,Dallas Stars,3,,16246,,
3/16/2010,Washington Capitals,7,Florida Panthers,3,,15123,,
3/16/2010,Colorado Avalanche,5,St. Louis Blues,3,,19150,,
3/18/2010,Minnesota Wild,0,Nashville Predators,5,,16615,,
3/20/2010,New York Islanders,0,Los Angeles Kings,1,,18118,,
3/21/2010,Buffalo Sabres,5,Carolina Hurricanes,3,,15311,,
3/24/2010,New York Islanders,0,New York Rangers,5,,18200,,
3/25/2010,Tampa Bay Lightning,5,Boston Bruins,3,,17565,,
3/25/2010,Dallas Stars,0,San Jose Sharks,3,,17562,,
3/27/2010,Calgary Flames,0,Boston Bruins,5,,17565,,
3/28/2010,Calgary Flames,5,Washington Capitals,3,,18277,,
4/2/2010,New York Rangers,5,Tampa Bay Lightning,0,,17909,,
4/3/2010,Buffalo Sabres,0,Montreal Canadiens,3,,21273,,
4/6/2010,Washington Capitals,6,Pittsburgh Penguins,3,,17132,,
4/6/2010,Carolina Hurricanes,8,Tampa Bay Lightning,5,,12454,,
4/7/2010,St. Louis Blues,5,Chicago Blackhawks,6,,22155,,
4/10/2010,Pittsburgh Penguins,0,Atlanta Thrashers,1,,18959,,
10/3/2009,Minnesota Wild,1,Columbus Blue Jackets,2,,18159,,
10/3/2009,Philadelphia Flyers,5,New Jersey Devils,2,,17625,,
10/5/2009,New York Rangers,3,New Jersey Devils,2,,17625,,
10/8/2009,Phoenix Coyotes,1,Buffalo Sabres,2,,18690,,
10/8/2009,Atlanta Thrashers,4,St. Louis Blues,2,,19150,,
10/9/2009,Dallas Stars,5,Calgary Flames,2,,19289,,
10/10/2009,New Jersey Devils,3,Florida Panthers,2,,18802,,
10/10/2009,Pittsburgh Penguins,5,Toronto Maple Leafs,2,,19374,,
10/13/2009,Calgary Flames,1,Columbus Blue Jackets,2,,13280,,
10/15/2009,Colorado Avalanche,3,Montreal Canadiens,2,,21273,,
10/16/2009,Atlanta Thrashers,4,New Jersey Devils,2,,14187,,
10/17/2009,Atlanta Thrashers,4,Buffalo Sabres,2,,18690,,
10/17/2009,Carolina Hurricanes,0,New Jersey Devils,2,,15021,,
10/17/2009,Minnesota Wild,1,Vancouver Canucks,2,,18810,,
10/19/2009,Vancouver Canucks,1,Edmonton Oilers,2,,16839,,
10/21/2009,Dallas Stars,4,Anaheim Ducks,2,,14503,,
10/21/2009,Vancouver Canucks,3,Chicago Blackhawks,2,,20077,,
10/21/2009,Buffalo Sabres,5,Florida Panthers,2,,12607,,
10/22/2009,New Jersey Devils,4,New York Rangers,2,,18200,,
10/24/2009,Nashville Predators,0,Chicago Blackhawks,2,,20272,,
10/25/2009,Edmonton Oilers,0,Vancouver Canucks,2,,18810,,
10/28/2009,St. Louis Blues,5,Carolina Hurricanes,2,,15549,,
10/28/2009,Colorado Avalanche,3,Calgary Flames,2,,19289,,
10/29/2009,Chicago Blackhawks,0,Nashville Predators,2,,13585,,
10/31/2009,Edmonton Oilers,0,Boston Bruins,2,,17565,,
11/3/2009,Boston Bruins,0,Detroit Red Wings,2,,19167,,
11/5/2009,New York Rangers,4,Edmonton Oilers,2,,16839,,
11/5/2009,Vancouver Canucks,5,Minnesota Wild,2,,18105,,
11/6/2009,Philadelphia Flyers,5,Buffalo Sabres,2,,18525,,
11/6/2009,Toronto Maple Leafs,3,Carolina Hurricanes,2,,14164,,
11/6/2009,Vancouver Canucks,1,Dallas Stars,2,,17235,,
11/6/2009,New York Islanders,1,New Jersey Devils,2,,14109,,
11/7/2009,New Jersey Devils,3,Ottawa Senators,2,,18781,,
11/10/2009,Minnesota Wild,5,Toronto Maple Leafs,2,,19063,,
11/11/2009,Los Angeles Kings,5,Carolina Hurricanes,2,,13510,,
11/12/2009,Montreal Canadiens,4,Phoenix Coyotes,2,,10064,,
11/14/2009,Vancouver Canucks,8,Colorado Avalanche,2,,15823,,
11/14/2009,Montreal Canadiens,0,Nashville Predators,2,,15604,,
11/14/2009,Buffalo Sabres,3,Philadelphia Flyers,2,,19641,,
11/14/2009,Calgary Flames,5,Toronto Maple Leafs,2,,19316,,
11/17/2009,Colorado Avalanche,3,Calgary Flames,2,,19289,,
11/17/2009,Washington Capitals,4,New York Rangers,2,,18200,,
11/18/2009,Florida Panthers,6,Buffalo Sabres,2,,18546,,
11/18/2009,Philadelphia Flyers,3,Los Angeles Kings,2,,17821,,
11/18/2009,Phoenix Coyotes,3,Minnesota Wild,2,,18110,,
11/20/2009,Montreal Canadiens,3,Washington Capitals,2,,18277,,
11/21/2009,San Jose Sharks,3,Anaheim Ducks,2,,15066,,
11/21/2009,Pittsburgh Penguins,3,Atlanta Thrashers,2,,17588,,
11/21/2009,Chicago Blackhawks,5,Edmonton Oilers,2,,16839,,
11/21/2009,Calgary Flames,5,Los Angeles Kings,2,,16336,,
11/21/2009,Florida Panthers,3,New York Rangers,2,,18200,,
11/23/2009,Carolina Hurricanes,0,Dallas Stars,2,,16243,,
11/23/2009,Boston Bruins,4,St. Louis Blues,2,,19150,,
11/25/2009,Phoenix Coyotes,1,Calgary Flames,2,,19289,,
11/25/2009,Chicago Blackhawks,7,San Jose Sharks,2,,17562,,
11/25/2009,Buffalo Sabres,0,Washington Capitals,2,,18277,,
11/26/2009,Columbus Blue Jackets,1,Ottawa Senators,2,,19244,,
11/27/2009,Buffalo Sabres,4,Philadelphia Flyers,2,,19673,,
11/29/2009,San Jose Sharks,4,Vancouver Canucks,2,,18810,,
11/30/2009,Washington Capitals,3,Carolina Hurricanes,2,,12797,,
11/30/2009,Pittsburgh Penguins,5,New York Rangers,2,,18200,,
12/2/2009,Vancouver Canucks,5,New Jersey Devils,2,,13586,,
12/3/2009,Calgary Flames,1,Phoenix Coyotes,2,,9868,,
12/5/2009,Colorado Avalanche,3,Columbus Blue Jackets,2,,14909,,
12/5/2009,Washington Capitals,8,Philadelphia Flyers,2,,19789,,
12/7/2009,Calgary Flames,1,Los Angeles Kings,2,,13853,,
12/7/2009,Minnesota Wild,0,Phoenix Coyotes,2,,8981,,
12/7/2009,Carolina Hurricanes,3,Pittsburgh Penguins,2,,16964,,
12/9/2009,Edmonton Oilers,3,Tampa Bay Lightning,2,,13477,,
12/10/2009,Pittsburgh Penguins,3,Montreal Canadiens,2,,21273,,
12/11/2009,Chicago Blackhawks,1,Buffalo Sabres,2,,18009,,
12/11/2009,Florida Panthers,4,New Jersey Devils,2,,14132,,
12/12/2009,Buffalo Sabres,3,New York Rangers,2,,18200,,
12/12/2009,San Jose Sharks,1,Phoenix Coyotes,2,,10650,,
12/15/2009,Los Angeles Kings,3,Edmonton Oilers,2,,16839,,
12/15/2009,Columbus Blue Jackets,1,Minnesota Wild,2,,18086,,
12/16/2009,Montreal Canadiens,1,New Jersey Devils,2,,12178,,
12/16/2009,Buffalo Sabres,0,Ottawa Senators,2,,16917,,
12/16/2009,Anaheim Ducks,3,Vancouver Canucks,2,,18810,,
12/17/2009,Los Angeles Kings,1,Calgary Flames,2,,19289,,
12/17/2009,New York Rangers,5,New York Islanders,2,,15138,,
12/19/2009,Washington Capitals,4,Edmonton Oilers,2,,16839,,
12/19/2009,Boston Bruins,0,Toronto Maple Leafs,2,,19101,,
12/21/2009,San Jose Sharks,4,Dallas Stars,2,,18532,,
12/21/2009,St. Louis Blues,7,Edmonton Oilers,2,,16839,,
12/21/2009,Tampa Bay Lightning,4,New York Islanders,2,,10864,,
12/22/2009,San Jose Sharks,3,Chicago Blackhawks,2,,21614,,
12/22/2009,Anaheim Ducks,4,Colorado Avalanche,2,,12171,,
12/23/2009,Philadelphia Flyers,5,Tampa Bay Lightning,2,,16177,,
12/26/2009,Columbus Blue Jackets,1,Detroit Red Wings,2,,20066,,
12/28/2009,Boston Bruins,1,Tampa Bay Lightning,2,,16926,,
12/30/2009,Los Angeles Kings,1,Calgary Flames,2,,19289,,
12/30/2009,Pittsburgh Penguins,0,New Jersey Devils,2,,17625,,
12/31/2009,Edmonton Oilers,1,Calgary Flames,2,,19289,,
12/31/2009,Los Angeles Kings,5,Minnesota Wild,2,,18504,,
1/2/2010,Colorado Avalanche,3,Columbus Blue Jackets,2,,17371,,
1/2/2010,Washington Capitals,1,Los Angeles Kings,2,,18118,,
1/4/2010,Los Angeles Kings,6,San Jose Sharks,2,,17562,,
1/6/2010,New York Islanders,3,Colorado Avalanche,2,,13898,,
1/7/2010,Chicago Blackhawks,5,Boston Bruins,2,,17565,,
1/7/2010,Columbus Blue Jackets,4,Edmonton Oilers,2,,16839,,
1/7/2010,Florida Panthers,0,Montreal Canadiens,2,,21273,,
1/8/2010,Colorado Avalanche,1,Carolina Hurricanes,2,,14071,,
1/8/2010,Columbus Blue Jackets,3,Calgary Flames,2,,19289,,
1/9/2010,Anaheim Ducks,3,Nashville Predators,2,,17113,,
1/10/2010,Dallas Stars,0,Columbus Blue Jackets,2,,14501,,
1/11/2010,Nashville Predators,3,Vancouver Canucks,2,,18810,,
1/12/2010,Carolina Hurricanes,4,Toronto Maple Leafs,2,,19120,,
1/14/2010,Pittsburgh Penguins,3,Edmonton Oilers,2,,16839,,
1/14/2010,Florida Panthers,3,Tampa Bay Lightning,2,,13516,,
1/16/2010,Ottawa Senators,4,Montreal Canadiens,2,,21273,,
1/18/2010,Tampa Bay Lightning,3,Carolina Hurricanes,2,,16031,,
1/18/2010,Buffalo Sabres,7,Phoenix Coyotes,2,,11309,,
1/20/2010,Florida Panthers,0,New Jersey Devils,2,,13931,,
1/21/2010,Carolina Hurricanes,5,Atlanta Thrashers,2,,10472,,
1/21/2010,Columbus Blue Jackets,3,Boston Bruins,2,,17565,,
1/21/2010,New York Rangers,0,Philadelphia Flyers,2,,19631,,
1/22/2010,Nashville Predators,1,Colorado Avalanche,2,,12452,,
1/23/2010,Los Angeles Kings,3,Detroit Red Wings,2,,20066,,
1/23/2010,Toronto Maple Leafs,0,Florida Panthers,2,,18087,,
1/23/2010,New Jersey Devils,4,New York Islanders,2,,16250,,
1/25/2010,Pittsburgh Penguins,4,New York Rangers,2,,18200,,
1/26/2010,Anaheim Ducks,1,Atlanta Thrashers,2,,12984,,
1/26/2010,Chicago Blackhawks,4,Edmonton Oilers,2,,16839,,
1/26/2010,Montreal Canadiens,1,Florida Panthers,2,,17104,,
1/26/2010,Washington Capitals,7,New York Islanders,2,,12549,,
1/29/2010,Boston Bruins,1,Buffalo Sabres,2,,18690,,
1/30/2010,New York Islanders,1,Philadelphia Flyers,2,,19787,,
1/31/2010,Phoenix Coyotes,4,Dallas Stars,2,,16498,,
1/31/2010,New York Islanders,0,Florida Panthers,2,,16023,,
1/31/2010,Los Angeles Kings,3,New Jersey Devils,2,,17625,,
2/2/2010,New York Rangers,1,Los Angeles Kings,2,,18118,,
2/2/2010,Detroit Red Wings,4,San Jose Sharks,2,,17562,,
2/3/2010,Ottawa Senators,4,Buffalo Sabres,2,,18690,,
2/3/2010,St. Louis Blues,3,Chicago Blackhawks,2,,21836,,
2/4/2010,Dallas Stars,1,Columbus Blue Jackets,2,,14028,,
2/4/2010,San Jose Sharks,4,St. Louis Blues,2,,19150,,
2/6/2010,Philadelphia Flyers,1,Minnesota Wild,2,,18640,,
2/8/2010,San Jose Sharks,3,Toronto Maple Leafs,2,,19460,,
2/10/2010,Phoenix Coyotes,3,Minnesota Wild,2,,18178,,
2/12/2010,Phoenix Coyotes,1,Colorado Avalanche,2,,14129,,
2/12/2010,Atlanta Thrashers,3,Minnesota Wild,2,,18257,,
2/13/2010,Philadelphia Flyers,6,Montreal Canadiens,2,,21273,,
3/1/2010,Detroit Red Wings,3,Colorado Avalanche,2,,18007,,
3/2/2010,St. Louis Blues,5,Phoenix Coyotes,2,,10385,,
3/2/2010,Philadelphia Flyers,7,Tampa Bay Lightning,2,,17812,,
3/6/2010,Montreal Canadiens,4,Los Angeles Kings,2,,18118,,
3/6/2010,Boston Bruins,3,New York Islanders,2,,14587,,
3/6/2010,Columbus Blue Jackets,1,San Jose Sharks,2,,17562,,
3/6/2010,New York Rangers,0,Washington Capitals,2,,18277,,
3/7/2010,New Jersey Devils,0,Edmonton Oilers,2,,16839,,
3/7/2010,Calgary Flames,5,Minnesota Wild,2,,18217,,
3/7/2010,Vancouver Canucks,4,Nashville Predators,2,,16096,,
3/7/2010,Boston Bruins,1,Pittsburgh Penguins,2,,17132,,
3/9/2010,Columbus Blue Jackets,5,Anaheim Ducks,2,,13700,,
3/9/2010,Calgary Flames,4,Detroit Red Wings,2,,20066,,
3/11/2010,Atlanta Thrashers,1,Columbus Blue Jackets,2,,13459,,
3/11/2010,Ottawa Senators,0,Calgary Flames,2,,19289,,
3/12/2010,New York Rangers,5,Atlanta Thrashers,2,,15571,,
3/12/2010,Minnesota Wild,3,Buffalo Sabres,2,,18690,,
3/12/2010,Tampa Bay Lightning,3,Washington Capitals,2,,18277,,
3/14/2010,Nashville Predators,3,Los Angeles Kings,2,,18118,,
3/16/2010,Boston Bruins,5,Carolina Hurricanes,2,,15832,,
3/16/2010,New York Islanders,5,Vancouver Canucks,2,,18810,,
3/17/2010,Calgary Flames,3,Colorado Avalanche,2,,12770,,
3/18/2010,Philadelphia Flyers,3,Dallas Stars,2,,17529,,
3/18/2010,Buffalo Sabres,6,Tampa Bay Lightning,2,,16868,,
3/21/2010,New York Rangers,1,Boston Bruins,2,,17565,,
3/21/2010,Nashville Predators,3,St. Louis Blues,2,,19150,,
3/23/2010,Phoenix Coyotes,0,Chicago Blackhawks,2,,22077,,
3/23/2010,Philadelphia Flyers,0,Ottawa Senators,2,,19209,,
3/26/2010,Ottawa Senators,4,Buffalo Sabres,2,,18690,,
3/26/2010,Anaheim Ducks,3,Edmonton Oilers,2,,16839,,
3/27/2010,New Jersey Devils,4,Montreal Canadiens,2,,21273,,
3/28/2010,Columbus Blue Jackets,4,Chicago Blackhawks,2,,22043,,
3/28/2010,Edmonton Oilers,1,St. Louis Blues,2,,19150,,
3/29/2010,Buffalo Sabres,3,Boston Bruins,2,,17565,,
3/30/2010,Atlanta Thrashers,3,Toronto Maple Leafs,2,,19079,,
3/31/2010,Phoenix Coyotes,1,Calgary Flames,2,,19289,,
3/31/2010,Anaheim Ducks,5,Colorado Avalanche,2,,13862,,
4/1/2010,Atlanta Thrashers,1,Washington Capitals,2,,18277,,
4/2/2010,San Jose Sharks,3,Minnesota Wild,2,,18584,,
4/3/2010,Washington Capitals,3,Columbus Blue Jackets,2,,16957,,
4/3/2010,Dallas Stars,1,St. Louis Blues,2,,19150,,
4/6/2010,Chicago Blackhawks,5,Dallas Stars,2,,17826,,
4/6/2010,Ottawa Senators,5,Florida Panthers,2,,11790,,
4/9/2010,Chicago Blackhawks,5,Colorado Avalanche,2,,16327,,
4/10/2010,Buffalo Sabres,5,Ottawa Senators,2,,20500,,
4/11/2010,Buffalo Sabres,1,New Jersey Devils,2,,17625,,
10/1/2009,Montreal Canadiens,4,Toronto Maple Leafs,3,OT,19617,,
10/3/2009,Pittsburgh Penguins,4,New York Islanders,3,SO,16234,,
10/8/2009,Calgary Flames,4,Edmonton Oilers,3,SO,16839,,
10/8/2009,New York Islanders,2,Ottawa Senators,3,OT,18075,,
10/8/2009,New Jersey Devils,4,Tampa Bay Lightning,3,SO,17454,,
10/15/2009,St. Louis Blues,2,Phoenix Coyotes,3,OT,6899,,
10/17/2009,Colorado Avalanche,4,Detroit Red Wings,3,SO,19763,,
10/17/2009,Nashville Predators,2,Washington Capitals,3,SO,18277,,
10/21/2009,Colorado Avalanche,2,Minnesota Wild,3,SO,18175,,
10/22/2009,Detroit Red Wings,2,Phoenix Coyotes,3,OT,11938,,
10/23/2009,Florida Panthers,2,Pittsburgh Penguins,3,SO,16971,,
10/24/2009,Carolina Hurricanes,2,Minnesota Wild,3,OT,18145,,
10/24/2009,Boston Bruins,4,Ottawa Senators,3,SO,20154,,
10/26/2009,New York Islanders,2,Montreal Canadiens,3,OT,21273,,
10/30/2009,Toronto Maple Leafs,2,Buffalo Sabres,3,OT,18300,,
10/30/2009,Pittsburgh Penguins,4,Columbus Blue Jackets,3,SO,19136,,
10/30/2009,New York Islanders,4,Washington Capitals,3,OT,18277,,
10/31/2009,Anaheim Ducks,2,Phoenix Coyotes,3,SO,6495,,
11/5/2009,Tampa Bay Lightning,2,Ottawa Senators,3,OT,17511,,
11/8/2009,St. Louis Blues,2,Atlanta Thrashers,3,SO,10904,,
11/11/2009,Colorado Avalanche,2,Chicago Blackhawks,3,SO,20879,,
11/13/2009,New York Islanders,4,Carolina Hurricanes,3,OT,14163,,
11/13/2009,Anaheim Ducks,2,Columbus Blue Jackets,3,SO,15577,,
11/16/2009,Edmonton Oilers,2,Columbus Blue Jackets,3,SO,13030,,
11/16/2009,Los Angeles Kings,4,Florida Panthers,3,SO,12502,,
11/17/2009,Carolina Hurricanes,2,Montreal Canadiens,3,SO,21273,,
11/19/2009,Boston Bruins,4,Atlanta Thrashers,3,SO,12112,,
11/19/2009,New Jersey Devils,2,Nashville Predators,3,SO,13445,,
11/19/2009,Phoenix Coyotes,2,St. Louis Blues,3,OT,17107,,
11/22/2009,Tampa Bay Lightning,4,Atlanta Thrashers,3,OT,13342,,
11/23/2009,Calgary Flames,2,Anaheim Ducks,3,SO,15348,,
11/23/2009,New York Islanders,4,Toronto Maple Leafs,3,OT,19263,,
11/25/2009,Nashville Predators,4,Colorado Avalanche,3,OT,12356,,
11/25/2009,St. Louis Blues,4,Dallas Stars,3,SO,18156,,
11/28/2009,Calgary Flames,4,Columbus Blue Jackets,3,SO,17772,,
11/28/2009,Washington Capitals,4,Montreal Canadiens,3,SO,21273,,
11/28/2009,Detroit Red Wings,4,St. Louis Blues,3,SO,19150,,
12/6/2009,Ottawa Senators,4,Anaheim Ducks,3,SO,14946,,
12/10/2009,Phoenix Coyotes,2,Los Angeles Kings,3,SO,15259,,
12/11/2009,Anaheim Ducks,2,Detroit Red Wings,3,OT,20066,,
12/12/2009,Dallas Stars,2,Los Angeles Kings,3,SO,18118,,
12/12/2009,Boston Bruins,2,New York Islanders,3,OT,13744,,
12/12/2009,Florida Panthers,2,Pittsburgh Penguins,3,OT,16977,,
12/21/2009,Montreal Canadiens,4,Atlanta Thrashers,3,OT,15075,,
12/26/2009,Philadelphia Flyers,4,Carolina Hurricanes,3,SO,16288,,
12/28/2009,Phoenix Coyotes,2,San Jose Sharks,3,SO,17562,,
12/29/2009,Vancouver Canucks,2,Phoenix Coyotes,3,SO,13976,,
12/31/2009,New York Islanders,2,Ottawa Senators,3,SO,16743,,
12/31/2009,Vancouver Canucks,4,St. Louis Blues,3,OT,19150,,
1/9/2010,Colorado Avalanche,4,Buffalo Sabres,3,SO,18690,,
1/16/2010,Detroit Red Wings,2,Dallas Stars,3,SO,18532,,
1/16/2010,Buffalo Sabres,2,New York Islanders,3,SO,13635,,
1/17/2010,Chicago Blackhawks,4,Detroit Red Wings,3,SO,20066,,
1/20/2010,St. Louis Blues,4,Montreal Canadiens,3,OT,21273,,
1/21/2010,Detroit Red Wings,4,Minnesota Wild,3,SO,18330,,
1/21/2010,Toronto Maple Leafs,2,Tampa Bay Lightning,3,OT,13691,,
1/23/2010,Anaheim Ducks,4,St. Louis Blues,3,SO,19150,,
1/28/2010,Calgary Flames,2,Phoenix Coyotes,3,SO,12725,,
1/28/2010,Chicago Blackhawks,4,San Jose Sharks,3,OT,17562,,
1/30/2010,Montreal Canadiens,2,Ottawa Senators,3,OT,20500,,
2/14/2010,Nashville Predators,4,Pittsburgh Penguins,3,SO,17132,,
3/2/2010,Vancouver Canucks,4,Columbus Blue Jackets,3,OT,14513,,
3/4/2010,Toronto Maple Leafs,2,Boston Bruins,3,SO,17565,,
3/5/2010,Philadelphia Flyers,2,Buffalo Sabres,3,OT,18690,,
3/7/2010,Montreal Canadiens,4,Anaheim Ducks,3,SO,15883,,
3/8/2010,Dallas Stars,4,Washington Capitals,3,SO,18277,,
3/10/2010,Los Angeles Kings,2,Chicago Blackhawks,3,OT,21850,,
3/13/2010,Buffalo Sabres,2,Detroit Red Wings,3,OT,20066,,
3/14/2010,Washington Capitals,4,Chicago Blackhawks,3,OT,22289,,
3/18/2010,Phoenix Coyotes,4,Florida Panthers,3,SO,12282,,
3/19/2010,Detroit Red Wings,2,Edmonton Oilers,3,SO,16839,,
3/20/2010,Montreal Canadiens,2,Toronto Maple Leafs,3,SO,19538,,
3/20/2010,Detroit Red Wings,4,Vancouver Canucks,3,OT,18810,,
3/23/2010,Carolina Hurricanes,2,Tampa Bay Lightning,3,OT,13009,,
3/24/2010,Montreal Canadiens,2,Buffalo Sabres,3,SO,18690,,
3/25/2010,Washington Capitals,2,Carolina Hurricanes,3,SO,18046,,
3/25/2010,New York Rangers,4,New Jersey Devils,3,SO,17625,,
3/25/2010,Minnesota Wild,4,Philadelphia Flyers,3,OT,19716,,
3/27/2010,New York Islanders,4,Columbus Blue Jackets,3,OT,16972,,
3/27/2010,New York Rangers,2,Toronto Maple Leafs,3,OT,19405,,
4/3/2010,Nashville Predators,4,Detroit Red Wings,3,OT,20066,,
4/3/2010,Edmonton Oilers,2,Phoenix Coyotes,3,SO,17143,,
4/5/2010,Boston Bruins,2,Washington Capitals,3,OT,18277,,
4/6/2010,Colorado Avalanche,4,Vancouver Canucks,3,SO,18810,,
4/8/2010,Anaheim Ducks,2,Dallas Stars,3,SO,18009,,
4/10/2010,Edmonton Oilers,4,Los Angeles Kings,3,SO,18118,,
4/10/2010,Dallas Stars,4,Minnesota Wild,3,SO,19109,,
4/10/2010,Toronto Maple Leafs,4,Montreal Canadiens,3,OT,21273,,
4/10/2010,Phoenix Coyotes,2,San Jose Sharks,3,SO,17562,,
4/11/2010,Boston Bruins,4,Washington Capitals,3,SO,18277,,
10/3/2009,Montreal Canadiens,2,Buffalo Sabres,1,OT,18690,,
10/6/2009,Tampa Bay Lightning,1,Carolina Hurricanes,2,SO,16186,,
10/6/2009,Dallas Stars,4,Edmonton Oilers,5,SO,16839,,
10/6/2009,Washington Capitals,5,Philadelphia Flyers,6,OT,19567,,
10/12/2009,Calgary Flames,5,Chicago Blackhawks,6,OT,20074,,
10/12/2009,Phoenix Coyotes,1,San Jose Sharks,0,SO,17562,,
10/20/2009,Atlanta Thrashers,1,Montreal Canadiens,2,SO,21273,,
10/22/2009,Dallas Stars,4,Los Angeles Kings,5,OT,15025,,
10/22/2009,Nashville Predators,6,Ottawa Senators,5,OT,18970,,
10/24/2009,New York Rangers,4,Montreal Canadiens,5,OT,21273,,
10/28/2009,Los Angeles Kings,1,San Jose Sharks,2,SO,17562,,
10/29/2009,Detroit Red Wings,5,Edmonton Oilers,6,SO,16839,,
10/29/2009,Vancouver Canucks,2,Los Angeles Kings,1,SO,16838,,
10/30/2009,Florida Panthers,6,Dallas Stars,5,SO,16824,,
10/31/2009,Toronto Maple Leafs,4,Montreal Canadiens,5,SO,21273,,
10/31/2009,New Jersey Devils,2,Tampa Bay Lightning,1,SO,12154,,
11/1/2009,Columbus Blue Jackets,5,Washington Capitals,4,OT,18277,,
11/3/2009,Tampa Bay Lightning,2,Toronto Maple Leafs,1,OT,19301,,
11/5/2009,Montreal Canadiens,2,Boston Bruins,1,SO,17565,,
11/5/2009,San Jose Sharks,1,Detroit Red Wings,2,SO,19558,,
11/5/2009,Calgary Flames,2,St. Louis Blues,1,OT,17559,,
11/7/2009,St. Louis Blues,1,Philadelphia Flyers,2,SO,19542,,
11/11/2009,New York Islanders,4,Washington Capitals,5,SO,18277,,
11/12/2009,Florida Panthers,1,Boston Bruins,0,SO,17074,,
11/13/2009,Calgary Flames,1,Buffalo Sabres,2,SO,18690,,
11/14/2009,New York Islanders,4,Florida Panthers,5,SO,15921,,
11/14/2009,New York Rangers,2,Ottawa Senators,1,SO,17561,,
11/14/2009,Boston Bruins,5,Pittsburgh Penguins,6,OT,17132,,
11/14/2009,Los Angeles Kings,2,Tampa Bay Lightning,1,SO,16612,,
11/15/2009,Minnesota Wild,4,Carolina Hurricanes,5,SO,12194,,
11/19/2009,Toronto Maple Leafs,5,Carolina Hurricanes,6,SO,13502,,
11/20/2009,Boston Bruins,2,Buffalo Sabres,1,OT,18291,,
11/20/2009,Florida Panthers,2,Detroit Red Wings,1,OT,18634,,
11/21/2009,Washington Capitals,1,Toronto Maple Leafs,2,SO,19455,,
11/25/2009,New York Rangers,2,Florida Panthers,1,SO,16281,,
11/25/2009,Boston Bruins,2,Minnesota Wild,1,SO,18208,,
11/27/2009,New Jersey Devils,2,Boston Bruins,1,SO,17565,,
11/27/2009,San Jose Sharks,5,Edmonton Oilers,4,SO,16839,,
11/28/2009,Chicago Blackhawks,1,Los Angeles Kings,2,SO,18118,,
12/2/2009,Colorado Avalanche,5,Florida Panthers,6,SO,12403,,
12/2/2009,Nashville Predators,4,Minnesota Wild,5,OT,18071,,
12/4/2009,Anaheim Ducks,4,Minnesota Wild,5,SO,18265,,
12/5/2009,Atlanta Thrashers,2,Florida Panthers,1,SO,13291,,
12/5/2009,St. Louis Blues,5,Los Angeles Kings,4,SO,17519,,
12/5/2009,Chicago Blackhawks,2,Pittsburgh Penguins,1,OT,17132,,
12/9/2009,New York Rangers,1,Chicago Blackhawks,2,OT,21022,,
12/9/2009,Los Angeles Kings,5,San Jose Sharks,4,OT,17562,,
12/11/2009,Minnesota Wild,2,Calgary Flames,1,OT,19289,,
12/11/2009,Tampa Bay Lightning,1,Colorado Avalanche,2,SO,12188,,
12/17/2009,Dallas Stars,5,Atlanta Thrashers,6,OT,11957,,
12/17/2009,Phoenix Coyotes,2,Columbus Blue Jackets,1,SO,13363,,
12/18/2009,Boston Bruins,4,Chicago Blackhawks,5,SO,21717,,
12/19/2009,Pittsburgh Penguins,2,Buffalo Sabres,1,SO,18690,,
12/23/2009,St. Louis Blues,2,Calgary Flames,1,SO,19289,,
12/28/2009,Detroit Red Wings,0,Columbus Blue Jackets,1,OT,18421,,
12/29/2009,Columbus Blue Jackets,1,New York Islanders,2,SO,12192,,
12/30/2009,Montreal Canadiens,2,Tampa Bay Lightning,1,OT,18441,,
12/31/2009,Nashville Predators,2,Columbus Blue Jackets,1,OT,18221,,
1/2/2010,Atlanta Thrashers,5,New York Islanders,6,SO,12824,,
1/2/2010,Carolina Hurricanes,2,New York Rangers,1,OT,18200,,
1/5/2010,Phoenix Coyotes,5,Edmonton Oilers,4,OT,16839,,
1/6/2010,St. Louis Blues,1,San Jose Sharks,2,OT,17562,,
1/7/2010,New York Rangers,1,Atlanta Thrashers,2,SO,9179,,
1/9/2010,Chicago Blackhawks,5,Minnesota Wild,6,SO,19310,,
1/9/2010,New Jersey Devils,2,Montreal Canadiens,1,OT,21273,,
1/9/2010,New York Islanders,5,Phoenix Coyotes,4,SO,11454,,
1/12/2010,New Jersey Devils,1,New York Rangers,0,SO,18200,,
1/13/2010,Washington Capitals,5,Florida Panthers,4,SO,14776,,
1/14/2010,Buffalo Sabres,2,Atlanta Thrashers,1,OT,11313,,
1/14/2010,Boston Bruins,2,San Jose Sharks,1,SO,17562,,
1/21/2010,Florida Panthers,1,New York Islanders,2,SO,12138,,
1/23/2010,Atlanta Thrashers,1,Tampa Bay Lightning,2,SO,16212,,
1/26/2010,Phoenix Coyotes,5,Detroit Red Wings,4,OT,19843,,
1/27/2010,New Jersey Devils,1,Buffalo Sabres,2,SO,18690,,
1/29/2010,Toronto Maple Leafs,4,New Jersey Devils,5,OT,15536,,
1/29/2010,Anaheim Ducks,2,Tampa Bay Lightning,1,SO,15230,,
1/31/2010,Detroit Red Wings,1,Pittsburgh Penguins,2,SO,17105,,
2/2/2010,Phoenix Coyotes,1,Nashville Predators,0,SO,14196,,
2/5/2010,Phoenix Coyotes,2,Chicago Blackhawks,1,SO,22169,,
2/6/2010,Calgary Flames,1,Tampa Bay Lightning,2,OT,15859,,
2/7/2010,Pittsburgh Penguins,4,Washington Capitals,5,OT,18277,,
2/10/2010,Washington Capitals,5,Montreal Canadiens,6,OT,21273,,
2/13/2010,Atlanta Thrashers,4,Chicago Blackhawks,5,SO,22275,,
2/14/2010,Chicago Blackhawks,5,Columbus Blue Jackets,4,SO,17673,,
3/4/2010,Pittsburgh Penguins,5,New York Rangers,4,OT,18200,,
3/5/2010,Minnesota Wild,1,Edmonton Oilers,2,SO,16839,,
3/6/2010,Toronto Maple Leafs,2,Ottawa Senators,1,SO,20036,,
3/7/2010,Buffalo Sabres,2,New York Rangers,1,OT,18200,,
3/11/2010,Edmonton Oilers,4,Montreal Canadiens,5,SO,21273,,
3/11/2010,St. Louis Blues,2,New York Islanders,1,SO,11335,,
3/12/2010,Los Angeles Kings,2,Dallas Stars,1,SO,16651,,
3/18/2010,New Jersey Devils,1,Toronto Maple Leafs,2,SO,19183,,
3/19/2010,New York Islanders,4,Anaheim Ducks,5,OT,14665,,
3/20/2010,Columbus Blue Jackets,0,Nashville Predators,1,OT,16363,,
3/20/2010,Chicago Blackhawks,4,Phoenix Coyotes,5,SO,17534,,
3/25/2010,Toronto Maple Leafs,2,Atlanta Thrashers,1,OT,14148,,
3/27/2010,Detroit Red Wings,1,Nashville Predators,0,SO,17113,,
3/28/2010,Toronto Maple Leafs,4,Pittsburgh Penguins,5,SO,17104,,
3/30/2010,Boston Bruins,1,New Jersey Devils,0,OT,16636,,
3/30/2010,Ottawa Senators,5,Washington Capitals,4,OT,18277,,
4/2/2010,Vancouver Canucks,5,Anaheim Ducks,4,SO,16534,,
4/2/2010,Chicago Blackhawks,2,New Jersey Devils,1,SO,17625,,
4/3/2010,Anaheim Ducks,2,Los Angeles Kings,1,SO,18118,,
4/3/2010,Boston Bruins,2,Toronto Maple Leafs,1,OT,19273,,
4/4/2010,San Jose Sharks,4,Colorado Avalanche,5,OT,12893,,
4/5/2010,Columbus Blue Jackets,1,St. Louis Blues,2,OT,17601,,
4/6/2010,Los Angeles Kings,5,Anaheim Ducks,4,SO,16278,,
4/7/2010,Colorado Avalanche,4,Edmonton Oilers,5,OT,16839,,
4/8/2010,Minnesota Wild,2,Calgary Flames,1,SO,19289,,
4/9/2010,Detroit Red Wings,1,Columbus Blue Jackets,0,SO,18512,,
4/10/2010,St. Louis Blues,1,Nashville Predators,2,SO,16702,,
4/11/2010,Los Angeles Kings,2,Colorado Avalanche,1,OT,15674,,
4/11/2010,Pittsburgh Penguins,6,New York Islanders,5,OT,16250,,
4/11/2010,New York Rangers,1,Philadelphia Flyers,2,SO,19889,,
10/3/2009,Nashville Predators,3,Dallas Stars,2,SO,18532,,
10/6/2009,Anaheim Ducks,3,Minnesota Wild,4,OT,18256,,
10/10/2009,New York Islanders,3,Boston Bruins,4,SO,17113,,
10/10/2009,Colorado Avalanche,3,Chicago Blackhawks,4,SO,20655,,
10/10/2009,Anaheim Ducks,3,Philadelphia Flyers,2,SO,19603,,
10/11/2009,Dallas Stars,3,Vancouver Canucks,4,SO,18810,,
10/12/2009,New Jersey Devils,3,Washington Capitals,2,SO,18277,,
10/14/2009,Pittsburgh Penguins,3,Carolina Hurricanes,2,SO,14053,,
10/21/2009,Carolina Hurricanes,3,New York Islanders,4,SO,9122,,
10/22/2009,Boston Bruins,3,Philadelphia Flyers,4,SO,19303,,
10/24/2009,Washington Capitals,3,New York Islanders,2,OT,11541,,
10/24/2009,Buffalo Sabres,3,Tampa Bay Lightning,2,SO,15804,,
10/28/2009,Toronto Maple Leafs,3,Dallas Stars,4,OT,16302,,
11/4/2009,San Jose Sharks,3,Columbus Blue Jackets,2,SO,13401,,
11/4/2009,Calgary Flames,3,Dallas Stars,2,OT,16369,,
11/6/2009,Chicago Blackhawks,3,Colorado Avalanche,4,SO,15616,,
11/10/2009,Edmonton Oilers,3,Ottawa Senators,4,SO,17977,,
11/12/2009,Dallas Stars,3,San Jose Sharks,2,SO,17562,,
11/12/2009,Minnesota Wild,3,Tampa Bay Lightning,4,SO,14530,,
11/15/2009,San Jose Sharks,3,Chicago Blackhawks,4,OT,21130,,
11/19/2009,Tampa Bay Lightning,3,Anaheim Ducks,4,OT,14555,,
11/21/2009,Detroit Red Wings,3,Montreal Canadiens,2,SO,21273,,
11/21/2009,Columbus Blue Jackets,3,Nashville Predators,4,SO,13790,,
11/23/2009,Pittsburgh Penguins,3,Florida Panthers,2,OT,17024,,
11/23/2009,Washington Capitals,3,Ottawa Senators,4,OT,16210,,
11/28/2009,Ottawa Senators,3,Boston Bruins,4,SO,17565,,
11/28/2009,Minnesota Wild,3,Colorado Avalanche,2,SO,15303,,
11/28/2009,Tampa Bay Lightning,3,Dallas Stars,4,OT,17334,,
11/29/2009,Phoenix Coyotes,3,Anaheim Ducks,2,OT,13023,,
12/1/2009,Columbus Blue Jackets,3,Chicago Blackhawks,4,SO,20363,,
12/3/2009,St. Louis Blues,3,San Jose Sharks,2,SO,17424,,
12/5/2009,Edmonton Oilers,3,Dallas Stars,2,SO,15860,,
12/5/2009,Detroit Red Wings,3,New Jersey Devils,4,SO,17625,,
12/7/2009,Edmonton Oilers,3,Florida Panthers,2,SO,11469,,
12/8/2009,Dallas Stars,3,Anaheim Ducks,4,OT,13861,,
12/10/2009,Columbus Blue Jackets,3,Nashville Predators,4,SO,14601,,
12/11/2009,Dallas Stars,3,San Jose Sharks,2,SO,17562,,
12/11/2009,Carolina Hurricanes,3,Washington Capitals,4,OT,18277,,
12/12/2009,Montreal Canadiens,3,Atlanta Thrashers,4,OT,16616,,
12/12/2009,Detroit Red Wings,3,Nashville Predators,2,OT,16673,,
12/14/2009,Atlanta Thrashers,3,New York Rangers,2,SO,18200,,
12/17/2009,Pittsburgh Penguins,3,Philadelphia Flyers,2,SO,19689,,
12/21/2009,Buffalo Sabres,3,Toronto Maple Leafs,2,OT,19235,,
12/26/2009,Ottawa Senators,3,Buffalo Sabres,2,SO,18690,,
12/26/2009,New York Islanders,3,New York Rangers,2,OT,18200,,
12/26/2009,Montreal Canadiens,3,Toronto Maple Leafs,2,OT,19250,,
12/31/2009,San Jose Sharks,3,Phoenix Coyotes,2,SO,12472,,
1/1/2010,Atlanta Thrashers,3,Buffalo Sabres,4,OT,18690,,
1/9/2010,Calgary Flames,3,Vancouver Canucks,2,SO,18810,,
1/11/2010,Colorado Avalanche,3,Calgary Flames,2,SO,19289,,
1/16/2010,Boston Bruins,3,Los Angeles Kings,4,SO,18118,,
1/20/2010,Vancouver Canucks,3,Edmonton Oilers,2,OT,16839,,
1/21/2010,Buffalo Sabres,3,Los Angeles Kings,4,SO,16884,,
1/27/2010,Calgary Flames,3,Dallas Stars,4,SO,16807,,
1/30/2010,Los Angeles Kings,3,Boston Bruins,2,SO,17565,,
1/30/2010,Columbus Blue Jackets,3,St. Louis Blues,2,OT,19150,,
2/4/2010,Montreal Canadiens,3,Boston Bruins,2,SO,17565,,
2/6/2010,Vancouver Canucks,3,Boston Bruins,2,SO,17565,,
2/9/2010,Boston Bruins,3,Buffalo Sabres,2,SO,18690,,
2/9/2010,Dallas Stars,3,Chicago Blackhawks,4,SO,21446,,
2/9/2010,Nashville Predators,3,New York Islanders,4,SO,11487,,
2/9/2010,Detroit Red Wings,3,St. Louis Blues,4,SO,19150,,
2/10/2010,Atlanta Thrashers,3,Colorado Avalanche,4,OT,11644,,
2/10/2010,Philadelphia Flyers,3,New Jersey Devils,2,OT,5580,,
2/11/2010,Buffalo Sabres,3,Carolina Hurricanes,4,OT,15527,,
2/11/2010,San Jose Sharks,3,Detroit Red Wings,2,SO,20066,,
2/11/2010,Edmonton Oilers,3,Los Angeles Kings,2,SO,18118,,
2/12/2010,New York Rangers,3,Pittsburgh Penguins,2,OT,17132,,
2/13/2010,Boston Bruins,3,Florida Panthers,2,SO,17109,,
2/13/2010,Washington Capitals,3,St. Louis Blues,4,SO,19150,,
3/9/2010,Florida Panthers,3,Minnesota Wild,2,SO,18191,,
3/9/2010,Boston Bruins,3,Toronto Maple Leafs,4,OT,19499,,
3/10/2010,Vancouver Canucks,3,Phoenix Coyotes,4,SO,15883,,
3/10/2010,Carolina Hurricanes,3,Washington Capitals,4,OT,18277,,
3/11/2010,Pittsburgh Penguins,3,Carolina Hurricanes,4,OT,16426,,
3/11/2010,Tampa Bay Lightning,3,Toronto Maple Leafs,4,OT,19110,,
3/13/2010,Florida Panthers,3,San Jose Sharks,2,OT,17562,,
3/14/2010,Phoenix Coyotes,3,Atlanta Thrashers,2,SO,15914,,
3/16/2010,Philadelphia Flyers,3,Nashville Predators,4,SO,16585,,
3/18/2010,Washington Capitals,3,Carolina Hurricanes,4,OT,18144,,
3/20/2010,Carolina Hurricanes,3,Pittsburgh Penguins,2,OT,17090,,
3/21/2010,Phoenix Coyotes,3,Dallas Stars,2,SO,16114,,
3/22/2010,Colorado Avalanche,3,Los Angeles Kings,4,OT,17845,,
3/24/2010,Los Angeles Kings,3,Colorado Avalanche,4,SO,13667,,
3/24/2010,Pittsburgh Penguins,3,Washington Capitals,4,SO,18277,,
3/25/2010,Phoenix Coyotes,3,Nashville Predators,4,SO,15970,,
3/29/2010,Nashville Predators,3,Florida Panthers,2,OT,13679,,
4/1/2010,Carolina Hurricanes,3,Ottawa Senators,4,SO,19152,,
4/3/2010,Atlanta Thrashers,3,Pittsburgh Penguins,4,OT,17047,,
4/4/2010,Minnesota Wild,3,Vancouver Canucks,4,OT,18810,,
4/6/2010,Montreal Canadiens,3,New York Islanders,4,SO,10263,,
4/8/2010,Phoenix Coyotes,3,Los Angeles Kings,2,SO,18118,,
4/8/2010,Ottawa Senators,3,Tampa Bay Lightning,4,SO,15876,,
4/10/2010,Florida Panthers,3,Tampa Bay Lightning,4,SO,17050,,
4/11/2010,Detroit Red Wings,3,Chicago Blackhawks,2,OT,22428,,
10/2/2009,Florida Panthers,4,Chicago Blackhawks,3,SO,12056,,NHL Premiere Series
10/2/2009,St. Louis Blues,4,Detroit Red Wings,3,,13850,,NHL Premiere Series
10/3/2009,Chicago Blackhawks,4,Florida Panthers,0,,11526,,NHL Premiere Series
10/3/2009,Detroit Red Wings,3,St. Louis Blues,5,,13850,,NHL Premiere Series
1/1/2010,Philadelphia Flyers,1,Boston Bruins,2,OT,38112,,NHL Winter Classic
1/8/2010,Tampa Bay Lightning,4,New Jersey Devils,2,,15129,,Game suspended and completed on 2010-01-10 due to lighting problem.
